source,target,live_source_status,state,hops,final,final_state,action,suggested,confidence
/products/blank-oversized-snow-wash-t-shirt285gsm,/products/blank-oversized-snow-wash-t-shirt,301,OK,1,/products/blank-oversized-snow-wash-t-shirt,OK,KEEP,,
/products/blank-dopamine-dressing-washed-gradient-goat-t-shirt,/products/blank-washed-gradient-t-shirt,301,OK,1,/products/blank-washed-gradient-t-shirt,OK,KEEP,,
/collections,/,200,SHADOWED,0,/collections,OK,REVIEW_SHADOWED,,
/products/adistar-jellyfish-boxy-t-shirt280gsm,/products/adistar-jellyfish-oversized-t-shirt,301,DEAD_MISSING,1,/products/adistar-jellyfish-oversized-t-shirt,DEAD_MISSING,TIER2_RETARGET_OR_PUBLISH,/collections/shirts-tops,L
/products/the-tour-oversized-t-shirt235g,/products/goat-club-oversized-t-shirt,301,DEAD_MISSING,1,/products/goat-club-oversized-t-shirt,DEAD_MISSING,TIER2_RETARGET_OR_PUBLISH,/collections/shirts-tops,L
/products/goat-club-drip-drop-shoulder-heavyweight-oversized-hoodie-oversized-graffiti-goat-streetwear-hoodie-heavyweight-460gsm-drop-shoulder-unisex-pullover-drippy-bold-graphic-sweatshirt,/products/oversized-heavyweight-hoodie-goat-club-drip,301,DEAD_MISSING,1,/products/oversized-heavyweight-hoodie-goat-club-drip,DEAD_MISSING,TIER2_RETARGET_OR_PUBLISH,/collections/hoodies-jackets,L
/products/neverdy-1st-edition-oversized-t-shirt235g,/products/neverdy-oversized-t-shirt-235gsm,301,OK,1,/products/neverdy-oversized-t-shirt-235gsm,OK,KEEP,,
/products/neverdy-1st-edition-boxy-fit-hoodie400gsm,/products/neverdy-boxy-fit-hoodie,301,DEAD_DRAFT,1,/products/neverdy-boxy-fit-hoodie,DEAD_DRAFT,TIER2_RETARGET_OR_PUBLISH,/collections/hoodies-jackets,L
/products/neverdy-ribs-oversized-snow-wash-t-shirt285gsm,/products/neverdy-ribs-oversized-t-shirt,301,DEAD_UNLISTED,1,/products/neverdy-ribs-oversized-t-shirt,DEAD_UNLISTED,TIER2_RETARGET_OR_PUBLISH,/collections/shirts-tops,L
/products/goated-blank-heavyweight-oversized-hoodie460gsm,/products/heavyweight-oversized-hoodie-460gsm,301,OK,1,/products/heavyweight-oversized-hoodie-460gsm,OK,KEEP,,
/products/goated-heavyweight-multi-pocket-washed-vintage-loose-jean,/products/heavyweight-multi-pocket-jean,301,OK,1,/products/heavyweight-multi-pocket-jean,OK,KEEP,,
/products/goated-heavyweight-casual-plush-cotton-sweatpants-440gsm,/products/legendary-branding-heavyweight-sweatpants-440gsm,301,OK,1,/products/legendary-branding-heavyweight-sweatpants-440gsm,OK,KEEP,,
/products/unisex-fleece-zip-up-oversized-hoodie380gsm,/products/legendary-branding-fleece-zip-up,301,OK,1,/products/legendary-branding-fleece-zip-up,OK,KEEP,,
/products/the-goat-hoodie-440gsm-unisex-heavyweight-washed-boxy-hoodie,/products/goat-hoodie-440gsm,301,OK,1,/products/goat-hoodie-440gsm,OK,KEEP,,
/products/no-risk-no-story-unisex-heavyweight-40s-combed-cotton-oversized-t-shirt-235gsm,/products/no-risk-no-story-oversized-t-shirt,301,DEAD_DRAFT,1,/products/no-risk-no-story-oversized-t-shirt,DEAD_DRAFT,TIER2_RETARGET_OR_PUBLISH,/collections/shirts-tops,L
/products/the-goat-unisex-oversized-t-shirt-190-gsm,/products/mini-goat-oversized-t-shirt,301,OK,1,/products/mini-goat-oversized-t-shirt,OK,KEEP,,
/products/sprayed-goat-club-oversized-hoodie,/products/goat-club-spray-painted-oversized-hoodie,301,DEAD_MISSING,1,/products/goat-club-spray-painted-oversized-hoodie,DEAD_MISSING,TIER2_RETARGET_OR_PUBLISH,/collections/hoodies-jackets,L
/llms.txt,/apps/aeo/ai/llms.txt,200,SHADOWED,0,/llms.txt,OK,REVIEW_SHADOWED,,
/pages/legendary-branding-home,/pages/the-ultimate-streetwear-guide,301,OK,1,/pages/the-ultimate-streetwear-guide,OK,KEEP,,
/blogs/news/the-upward-path-of-legendary-branding,/blogs/news/legendary-branding-graphic-tees-and-hoodies,301,DEAD_MISSING_ARTICLE,1,/blogs/news/legendary-branding-graphic-tees-and-hoodies,DEAD_MISSING_ARTICLE,TIER2_ARTICLE_DECISION,/blogs/legendary_blogging,L
/products/fear-no-evil-oversized-tee,/,301,HOME,1,/,HOME,TIER3_HOME_REVIEW,/collections/shirts-tops,L
/pages/html-sitemap-articles,/,301,HOME,1,/,HOME,TIER3_DELETE_APP_LEFTOVER,,
/pages/html-sitemap-products,/,301,HOME,1,/,HOME,TIER3_DELETE_APP_LEFTOVER,,
/products/legendary-x-adidas-sport-polo,/products/legendary-x-adidas-sport-polo-recycled-pique-hydrophilic-finish,301,OK,1,/products/legendary-x-adidas-sport-polo-recycled-pique-hydrophilic-finish,OK,KEEP,,
/collections/all-products/products/legendary-x-adidas-sport-polo,/collections/all-products/products/legendary-x-adidas-sport-polo-recycled-pique-hydrophilic-finish,301,OK,1,/collections/all-products/products/legendary-x-adidas-sport-polo-recycled-pique-hydrophilic-finish,OK,KEEP,,
/collections/shirts-tops/products/legendary-x-adidas-sport-polo,/collections/shirts-tops/products/legendary-x-adidas-sport-polo-recycled-pique-hydrophilic-finish,301,OK,1,/collections/shirts-tops/products/legendary-x-adidas-sport-polo-recycled-pique-hydrophilic-finish,OK,KEEP,,
/collections/legendary-womens-apparel/products/legendary-x-adidas-sport-polo,/collections/legendary-womens-apparel/products/legendary-x-adidas-sport-polo-recycled-pique-hydrophilic-finish,301,HOP_DEAD_COLLECTION,2,/products/legendary-x-adidas-sport-polo-recycled-pique-hydrophilic-finish,OK,TIER1_RETARGET,/products/legendary-x-adidas-sport-polo-recycled-pique-hydrophilic-finish,H
/products/athletic-department-premium-tank-top,/products/athletic-department-premium-tank-top-soft-washed-cotton-relaxed-fit,301,DEAD_DRAFT,1,/products/athletic-department-premium-tank-top-soft-washed-cotton-relaxed-fit,DEAD_DRAFT,TIER2_RETARGET_OR_PUBLISH,/collections/shirts-tops,L
/collections/all-products/products/athletic-department-premium-tank-top,/collections/all-products/products/athletic-department-premium-tank-top-soft-washed-cotton-relaxed-fit,301,DEAD_DRAFT,1,/collections/all-products/products/athletic-department-premium-tank-top-soft-washed-cotton-relaxed-fit,DEAD_DRAFT,TIER2_RETARGET_OR_PUBLISH,/collections/shirts-tops,L
/collections/shirts-tops/products/athletic-department-premium-tank-top,/collections/shirts-tops/products/athletic-department-premium-tank-top-soft-washed-cotton-relaxed-fit,301,DEAD_DRAFT,1,/collections/shirts-tops/products/athletic-department-premium-tank-top-soft-washed-cotton-relaxed-fit,DEAD_DRAFT,TIER2_RETARGET_OR_PUBLISH,/collections/shirts-tops,L
/products/simply-goated-trucker-cap,/#seotidpG3gsTvQL,301,FRAGMENT,1,/#seotidpG3gsTvQL,FRAGMENT,TIER3_FRAGMENT_RETARGET,/collections/accessories-more,L
/collections/all-products/products/the-goat-t-shirt,/#seotidi8zE3Z4tB,301,FRAGMENT,1,/#seotidi8zE3Z4tB,FRAGMENT,TIER3_FRAGMENT_RETARGET,/collections/shirts-tops,L
/products/the-goat-denim-t-shirt,/products/goat-denim-t-shirt-lightweight-cotton-tee-soft-touch-streetwear-fit,301,DEAD_DRAFT,1,/products/goat-denim-t-shirt-lightweight-cotton-tee-soft-touch-streetwear-fit,DEAD_DRAFT,TIER2_RETARGET_OR_PUBLISH,/collections/shirts-tops,L
/collections/all-products/products/the-goat-denim-t-shirt,/collections/all-products/products/goat-denim-t-shirt-lightweight-cotton-tee-soft-touch-streetwear-fit,301,DEAD_DRAFT,1,/collections/all-products/products/goat-denim-t-shirt-lightweight-cotton-tee-soft-touch-streetwear-fit,DEAD_DRAFT,TIER2_RETARGET_OR_PUBLISH,/collections/shirts-tops,L
/collections/shirts-tops/products/the-goat-denim-t-shirt,/collections/shirts-tops/products/goat-denim-t-shirt-lightweight-cotton-tee-soft-touch-streetwear-fit,301,DEAD_DRAFT,1,/collections/shirts-tops/products/goat-denim-t-shirt-lightweight-cotton-tee-soft-touch-streetwear-fit,DEAD_DRAFT,TIER2_RETARGET_OR_PUBLISH,/collections/shirts-tops,L
/products/simply-goated-pullover,/products/goated-heavyweight-fleece-crewneck-sweatshirt,301,OK,1,/products/goated-heavyweight-fleece-crewneck-sweatshirt,OK,KEEP,,
/collections/all-products/products/simply-goated-pullover,/collections/all-products/products/goated-heavyweight-fleece-crewneck-sweatshirt,301,OK,1,/collections/all-products/products/goated-heavyweight-fleece-crewneck-sweatshirt,OK,KEEP,,
/collections/shirts-tops/products/simply-goated-pullover,/collections/shirts-tops/products/goated-heavyweight-fleece-crewneck-sweatshirt,301,OK,1,/collections/shirts-tops/products/goated-heavyweight-fleece-crewneck-sweatshirt,OK,KEEP,,
/collections/hoodies-jackets/products/simply-goated-pullover,/collections/hoodies-jackets/products/goated-heavyweight-fleece-crewneck-sweatshirt,301,OK,1,/collections/hoodies-jackets/products/goated-heavyweight-fleece-crewneck-sweatshirt,OK,KEEP,,
/products/legendary-distressed-sweatshirt,/products/legendary-distressed-sweatshirt-washed-ombre-effect-heavyweight-440,301,DEAD_MISSING,1,/products/legendary-distressed-sweatshirt-washed-ombre-effect-heavyweight-440,DEAD_MISSING,TIER2_RETARGET_OR_PUBLISH,/collections/hoodies-jackets,L
/collections/all-products/products/legendary-distressed-sweatshirt,/collections/all-products/products/legendary-distressed-sweatshirt-washed-ombre-effect-heavyweight-440,301,DEAD_MISSING,1,/collections/all-products/products/legendary-distressed-sweatshirt-washed-ombre-effect-heavyweight-440,DEAD_MISSING,TIER2_RETARGET_OR_PUBLISH,/collections/hoodies-jackets,L
/collections/shirts-tops/products/legendary-distressed-sweatshirt,/collections/shirts-tops/products/legendary-distressed-sweatshirt-washed-ombre-effect-heavyweight-440,301,DEAD_MISSING,1,/collections/shirts-tops/products/legendary-distressed-sweatshirt-washed-ombre-effect-heavyweight-440,DEAD_MISSING,TIER2_RETARGET_OR_PUBLISH,/collections/hoodies-jackets,L
/collections/hoodies-jackets/products/legendary-distressed-sweatshirt,/collections/hoodies-jackets/products/legendary-distressed-sweatshirt-washed-ombre-effect-heavyweight-440,301,DEAD_MISSING,1,/collections/hoodies-jackets/products/legendary-distressed-sweatshirt-washed-ombre-effect-heavyweight-440,DEAD_MISSING,TIER2_RETARGET_OR_PUBLISH,/collections/hoodies-jackets,L
/products/purple-eyes-tee,/,301,HOME,1,/,HOME,TIER3_HOME_REVIEW,/collections/shirts-tops,L
/products/athletic-department-sunny-days-oversized-high-neck-tee,/,301,HOME,1,/,HOME,TIER3_HOME_REVIEW,/collections/shirts-tops,L
/collections/all-products/products/proud-american-organic-cotton-t-shirt-usa-flag-graphic-tee-unisex,/,301,HOME,1,/,HOME,TIER3_HOME_REVIEW,/collections/shirts-tops,L
/products/womens-momster-tee,/,301,HOME,1,/,HOME,TIER3_HOME_REVIEW,/collections/shirts-tops,L
/collections/shirts-tops/products/members-only-boxy-t-shirt,/,301,HOME,1,/,HOME,TIER3_HOME_REVIEW,/collections/shirts-tops,L
/collections/all-products/products/proud-american-organic-cotton-t-shirt-usa-flag-graphic-tee-unisex-4th-of-july-shirt-eco-friendly-patriotic-freedom-streetwear,/,301,HOME,1,/,HOME,TIER3_HOME_REVIEW,/collections/shirts-tops,L
/collections/legendary-womens-apparel/products/angel-hoodie,/,301,HOME,1,/,HOME,TIER3_HOME_REVIEW,/collections/hoodies-jackets,L
/products/285gsm-unisex-washed-oversized-short-sleeve-t-shirt,/products/mentality-matters2-unisex-boxy-t-shirt,301,DEAD_UNLISTED,1,/products/mentality-matters2-unisex-boxy-t-shirt,DEAD_UNLISTED,TIER2_RETARGET_OR_PUBLISH,/collections/shirts-tops,L
/collections/all-products/products/285gsm-unisex-washed-oversized-short-sleeve-t-shirt,/collections/all-products/products/mentality-matters2-unisex-boxy-t-shirt,301,DEAD_UNLISTED,1,/collections/all-products/products/mentality-matters2-unisex-boxy-t-shirt,DEAD_UNLISTED,TIER2_RETARGET_OR_PUBLISH,/collections/shirts-tops,L
/collections/shirts-tops/products/285gsm-unisex-washed-oversized-short-sleeve-t-shirt,/collections/shirts-tops/products/mentality-matters2-unisex-boxy-t-shirt,301,DEAD_UNLISTED,1,/collections/shirts-tops/products/mentality-matters2-unisex-boxy-t-shirt,DEAD_UNLISTED,TIER2_RETARGET_OR_PUBLISH,/collections/shirts-tops,L
/collections/limited-edition-halloween/products/witches-be-trippin-crop-hoodie,/,301,HOME,1,/,HOME,TIER3_HOME_REVIEW,/collections/hoodies-jackets,L
/collections/shirts-tops/products/legendary-saints-oversized-t-shirt,/collections/shirts-tops/products/the-legendary-heavyweight-oversized-t-shirt,301,OK,1,/collections/shirts-tops/products/the-legendary-heavyweight-oversized-t-shirt,OK,KEEP,,
/collections/accessories-more/products/legendary-branding-goat-logo-bubble-free-sticker,/collections/accessories-more/products/legendary-branding-fleece-zip-up,301,OK,1,/collections/accessories-more/products/legendary-branding-fleece-zip-up,OK,KEEP,,
/collections/all-products/products/legendary-birds-oversized-t-shirt,/collections/all-products/products/neverdy-ribs-oversized-t-shirt,301,DEAD_UNLISTED,1,/collections/all-products/products/neverdy-ribs-oversized-t-shirt,DEAD_UNLISTED,TIER2_RETARGET_OR_PUBLISH,/collections/shirts-tops,L
/collections/shirts-tops/products/legendary-birds-oversized-t-shirt,/collections/shirts-tops/products/neverdy-ribs-oversized-t-shirt,301,DEAD_UNLISTED,1,/collections/shirts-tops/products/neverdy-ribs-oversized-t-shirt,DEAD_UNLISTED,TIER2_RETARGET_OR_PUBLISH,/collections/shirts-tops,L
/collections/accessories-more/products/yellow-dot-athletic-long-shorts,/collections/accessories-more/products/yellow-dot-athletic-long-short,301,OK,1,/collections/accessories-more/products/yellow-dot-athletic-long-short,OK,KEEP,,
/collections/shirts-tops/products/legend-loading-oversized-t-shirt,/collections/shirts-tops/products/la-playa-oversized-t-shirt,301,DEAD_MISSING,1,/collections/shirts-tops/products/la-playa-oversized-t-shirt,DEAD_MISSING,TIER2_RETARGET_OR_PUBLISH,/collections/shirts-tops,L
/collections/accessories-more/products/simply-goated-athletic-long-shorts,/collections/accessories-more/products/simply-goated-athletic-long-shor,301,DEAD_UNLISTED,1,/collections/accessories-more/products/simply-goated-athletic-long-shor,DEAD_UNLISTED,TIER2_RETARGET_OR_PUBLISH,/collections/accessories-more,L
/collections/shirts-tops/products/cold-oversized-high-neck-t-shirt,/collections/shirts-tops/products/cold-oversized-high-neck-t-shi,301,DEAD_MISSING,1,/collections/shirts-tops/products/cold-oversized-high-neck-t-shi,DEAD_MISSING,TIER2_RETARGET_OR_PUBLISH,/collections/shirts-tops,L
/collections/all-products/products/athletic-department-oversized-t-shirt,/,301,HOME,1,/,HOME,TIER3_HOME_REVIEW,/collections/shirts-tops,L
/products/athletic-department-madmon-ribbed-neck-t-shirt,/,301,HOME,1,/,HOME,TIER3_HOME_REVIEW,/collections/shirts-tops,L
/products/unisex-boxy-t-shirt,/products/mountain-trek-unisex-boxy-t-shirt,301,DEAD_MISSING,1,/products/mountain-trek-unisex-boxy-t-shirt,DEAD_MISSING,TIER2_RETARGET_OR_PUBLISH,/collections/shirts-tops,L
/collections/all-products/products/unisex-boxy-t-shirt,/collections/all-products/products/mountain-trek-unisex-boxy-t-shirt,301,DEAD_MISSING,1,/collections/all-products/products/mountain-trek-unisex-boxy-t-shirt,DEAD_MISSING,TIER2_RETARGET_OR_PUBLISH,/collections/shirts-tops,L
/collections/shirts-tops/products/unisex-boxy-t-shirt,/collections/shirts-tops/products/mountain-trek-unisex-boxy-t-shirt,301,DEAD_MISSING,1,/collections/shirts-tops/products/mountain-trek-unisex-boxy-t-shirt,DEAD_MISSING,TIER2_RETARGET_OR_PUBLISH,/collections/shirts-tops,L
/products/unisex-boxy-t-shirt-1,/products/mentality-matters2-unisex-boxy-t-shirt,301,DEAD_UNLISTED,1,/products/mentality-matters2-unisex-boxy-t-shirt,DEAD_UNLISTED,TIER2_RETARGET_OR_PUBLISH,/collections/shirts-tops,L
/collections/all-products/products/unisex-boxy-t-shirt-1,/collections/all-products/products/mentality-matters2-unisex-boxy-t-shirt,301,DEAD_UNLISTED,1,/collections/all-products/products/mentality-matters2-unisex-boxy-t-shirt,DEAD_UNLISTED,TIER2_RETARGET_OR_PUBLISH,/collections/shirts-tops,L
/collections/shirts-tops/products/unisex-boxy-t-shirt-1,/collections/shirts-tops/products/mentality-matters2-unisex-boxy-t-shirt,301,DEAD_UNLISTED,1,/collections/shirts-tops/products/mentality-matters2-unisex-boxy-t-shirt,DEAD_UNLISTED,TIER2_RETARGET_OR_PUBLISH,/collections/shirts-tops,L
/products/440gsm-unisex-heavyweight-washed-boxy-hoodie,/products/mentality-matters2-heavyweight-washed-boxy-hoodie,301,DEAD_UNLISTED,1,/products/mentality-matters2-heavyweight-washed-boxy-hoodie,DEAD_UNLISTED,TIER2_RETARGET_OR_PUBLISH,/collections/hoodies-jackets,L
/collections/all-products/products/440gsm-unisex-heavyweight-washed-boxy-hoodie,/collections/all-products/products/mentality-matters2-heavyweight-washed-boxy-hoodie,301,DEAD_UNLISTED,1,/collections/all-products/products/mentality-matters2-heavyweight-washed-boxy-hoodie,DEAD_UNLISTED,TIER2_RETARGET_OR_PUBLISH,/collections/hoodies-jackets,L
/collections/hoodies-jackets/products/440gsm-unisex-heavyweight-washed-boxy-hoodie,/collections/hoodies-jackets/products/mentality-matters2-heavyweight-washed-boxy-hoodie,301,DEAD_UNLISTED,1,/collections/hoodies-jackets/products/mentality-matters2-heavyweight-washed-boxy-hoodie,DEAD_UNLISTED,TIER2_RETARGET_OR_PUBLISH,/collections/hoodies-jackets,L
/collections/new,/,301,HOME,1,/,HOME,TIER3_HOME_REVIEW,/collections/all-products,L
/products/unisex-loose-t-shirt230gsm,/products/goat-club-oversized-t-shirt,301,DEAD_MISSING,1,/products/goat-club-oversized-t-shirt,DEAD_MISSING,TIER2_RETARGET_OR_PUBLISH,/collections/shirts-tops,L
/collections/all-products/products/unisex-loose-t-shirt230gsm,/collections/all-products/products/goat-club-oversized-t-shirt,301,DEAD_MISSING,1,/collections/all-products/products/goat-club-oversized-t-shirt,DEAD_MISSING,TIER2_RETARGET_OR_PUBLISH,/collections/shirts-tops,L
/collections/all-products/products/unisex-oversized-snow-wash-t-shirt285gsm,/collections/all-products/products/blank-oversized-snow-wash-t-shirt,301,OK,1,/collections/all-products/products/blank-oversized-snow-wash-t-shirt,OK,KEEP,,
/collections/all-products/products/racing-club-tee,/,301,HOME,1,/,HOME,TIER3_HOME_REVIEW,/collections/shirts-tops,L
/products/pasadena-premium-hoodie,/,301,HOME,1,/,HOME,TIER3_HOME_REVIEW,/collections/hoodies-jackets,L
/products/pasadena-oversized-faded-t-shirt,/,301,HOME,1,/,HOME,TIER3_HOME_REVIEW,/collections/shirts-tops,L
/products/gods-country-pull-over-sweatshirt,/,301,HOME,1,/,HOME,TIER3_HOME_REVIEW,/collections/hoodies-jackets,L
/products/world-round-tee,/,301,HOME,1,/,HOME,TIER3_HOME_REVIEW,/collections/shirts-tops,L
/collections/sponsored-products/products/loose-tapered-casual-wide-leg-sweatpants,/,301,HOME,1,/,HOME,TIER3_HOME_REVIEW,/collections/accessories-more,L
/products/graffiti-skull-oversized-tee,/,301,HOME,1,/,HOME,TIER3_HOME_REVIEW,/collections/shirts-tops,L
/collections/legendary-womens-apparel/products/legendary-full-zip-hoodie,/,301,HOME,1,/,HOME,TIER3_HOME_REVIEW,/collections/hoodies-jackets,L
/collections/all-products/products/munchies-tee,/,301,HOME,1,/,HOME,TIER3_HOME_REVIEW,/collections/shirts-tops,L
/collections/all-products/products/legendary-saints-ribbed-neck-t-shirt,/,301,HOME,1,/,HOME,TIER3_HOME_REVIEW,/collections/shirts-tops,L
/products/members-only-oversized-t-shirt-1,/products/la-playa-oversized-t-shirt,301,DEAD_MISSING,1,/products/la-playa-oversized-t-shirt,DEAD_MISSING,TIER2_RETARGET_OR_PUBLISH,/collections/shirts-tops,L
/collections/all-products/products/members-only-oversized-t-shirt-1,/collections/all-products/products/la-playa-oversized-t-shirt,301,DEAD_MISSING,1,/collections/all-products/products/la-playa-oversized-t-shirt,DEAD_MISSING,TIER2_RETARGET_OR_PUBLISH,/collections/shirts-tops,L
/collections/shirts-tops/products/members-only-oversized-t-shirt-1,/collections/shirts-tops/products/la-playa-oversized-t-shirt,301,DEAD_MISSING,1,/collections/shirts-tops/products/la-playa-oversized-t-shirt,DEAD_MISSING,TIER2_RETARGET_OR_PUBLISH,/collections/shirts-tops,L
/products/spooky-gang-ghost-oversized-hoodie,/,301,HOME,1,/,HOME,TIER3_HOME_REVIEW,/collections/hoodies-jackets,L
/collections/sponsored-products,/,301,HOME,1,/,HOME,TIER3_HOME_REVIEW,/collections/all-products,L
/products/a-d-simple-hoodie,/,301,HOME,1,/,HOME,TIER3_HOME_REVIEW,/collections/hoodies-jackets,L
/products/all-eyes-oversized-hoodie,/,301,HOME,1,/,HOME,TIER3_HOME_REVIEW,/collections/hoodies-jackets,L
/products/pwf-tee,/,301,HOME,1,/,HOME,TIER3_HOME_REVIEW,/collections/shirts-tops,L
/collections/hoodies-jackets/products/legendary-x-champion-r-flame-face-sweatshirt,/,301,HOME,1,/,HOME,TIER3_HOME_REVIEW,/collections/hoodies-jackets,L
/collections/all-products/products/a-d-freedom-oversized-tee,/,301,HOME,1,/,HOME,TIER3_HOME_REVIEW,/collections/shirts-tops,L
/products/legendary-foam-trucker,/,301,HOME,1,/,HOME,TIER3_HOME_REVIEW,/collections/accessories-more,L
/products/legendary-saints-ribbed-neck-tee,/products/legendary-x-champion-r-simple-sweatshirt,301,OK,1,/products/legendary-x-champion-r-simple-sweatshirt,OK,KEEP,,
/collections/all-products/products/legendary-saints-ribbed-neck-tee,/,301,HOME,1,/,HOME,TIER3_HOME_REVIEW,/collections/shirts-tops,L
/collections/shirts-tops/products/legendary-saints-ribbed-neck-tee,/collections/shirts-tops/products/legendary-x-champion-r-simple-sweatshirt,301,OK,1,/collections/shirts-tops/products/legendary-x-champion-r-simple-sweatshirt,OK,KEEP,,
/products/athletic-department-oversized-tee,/products/the-legendary-heavyweight-oversized-t-shirt,301,OK,1,/products/the-legendary-heavyweight-oversized-t-shirt,OK,KEEP,,
/collections/all-products/products/athletic-department-oversized-tee,/,301,HOME,1,/,HOME,TIER3_HOME_REVIEW,/collections/shirts-tops,L
/collections/shirts-tops/products/athletic-department-oversized-tee,/collections/shirts-tops/products/the-legendary-heavyweight-oversized-t-shirt,301,OK,1,/collections/shirts-tops/products/the-legendary-heavyweight-oversized-t-shirt,OK,KEEP,,
/collections/legendary-womens-apparel/products/athletic-department-oversized-tee,/collections/legendary-womens-apparel/products/the-legendary-heavyweight-oversized-t-shirt,301,HOP_DEAD_COLLECTION,2,/products/the-legendary-heavyweight-oversized-t-shirt,OK,TIER1_RETARGET,/products/the-legendary-heavyweight-oversized-t-shirt,H
/products/legendary-taog-ribbed-neck-tee,/products/legendary-world-round-t-shirt,301,OK,1,/products/legendary-world-round-t-shirt,OK,KEEP,,
/collections/all-products/products/legendary-taog-ribbed-neck-tee,/collections/all-products/products/legendary-world-round-t-shirt,301,OK,1,/collections/all-products/products/legendary-world-round-t-shirt,OK,KEEP,,
/collections/shirts-tops/products/legendary-taog-ribbed-neck-tee,/collections/shirts-tops/products/legendary-world-round-t-shirt,301,OK,1,/collections/shirts-tops/products/legendary-world-round-t-shirt,OK,KEEP,,
/products/athletic-department-madmon-ribbed-neck-tee,/,301,HOME,1,/,HOME,TIER3_HOME_REVIEW,/collections/shirts-tops,L
/products/legendary-world-round-tee,/products/legendary-world-round-t-shirt,301,OK,1,/products/legendary-world-round-t-shirt,OK,KEEP,,
/collections/all-products/products/legendary-world-round-tee,/collections/all-products/products/legendary-world-round-t-shirt,301,OK,1,/collections/all-products/products/legendary-world-round-t-shirt,OK,KEEP,,
/collections/shirts-tops/products/legendary-world-round-tee,/collections/shirts-tops/products/legendary-world-round-t-shirt,301,OK,1,/collections/shirts-tops/products/legendary-world-round-t-shirt,OK,KEEP,,
/collections/all-products/products/premium-legendary-pique-polo,/,301,HOME,1,/,HOME,TIER3_HOME_REVIEW,/collections/shirts-tops,L
/products/dream-chasers-2-0-tee,/,301,HOME,1,/,HOME,TIER3_HOME_REVIEW,/collections/shirts-tops,L
/collections/all-products/products/red-button-oversized-tee,/,301,HOME,1,/,HOME,TIER3_HOME_REVIEW,/collections/shirts-tops,L
/products/simply-legendary-hoodie,/,301,HOME,1,/,HOME,TIER3_HOME_REVIEW,/collections/hoodies-jackets,L
/products/legendary-embroidered-oversized-tie-dye-t-shirt,/,301,HOME,1,/,HOME,TIER3_HOME_REVIEW,/collections/shirts-tops,L
/products/simply-legendary-womens-micro-rib-tank,/,301,HOME,1,/,HOME,TIER3_HOME_REVIEW,/collections/shirts-tops,L
/products/the-legendary-legendary-tee,/,301,HOME,1,/,HOME,TIER3_HOME_REVIEW,/collections/shirts-tops,L
/products/unisex-oversized-hoodie,/products/the-legendary-heavyweight-oversized-t-shirt,301,OK,1,/products/the-legendary-heavyweight-oversized-t-shirt,OK,KEEP,,
/collections/all-products/products/unisex-oversized-hoodie,/collections/all-products/products/the-legendary-heavyweight-oversized-t-shirt,301,OK,1,/collections/all-products/products/the-legendary-heavyweight-oversized-t-shirt,OK,KEEP,,
/collections/shirts-tops/products/unisex-oversized-hoodie,/collections/shirts-tops/products/the-legendary-heavyweight-oversized-t-shirt,301,OK,1,/collections/shirts-tops/products/the-legendary-heavyweight-oversized-t-shirt,OK,KEEP,,
/products/athletic-department-oversized-high-neck-tee,/,301,HOME,1,/,HOME,TIER3_HOME_REVIEW,/collections/shirts-tops,L
/products/legendary-madmen-oversized-high-neck-tee,/products/cold-oversized-high-neck-t-shi,301,DEAD_MISSING,1,/products/cold-oversized-high-neck-t-shi,DEAD_MISSING,TIER2_RETARGET_OR_PUBLISH,/collections/shirts-tops,L
/collections/all-products/products/legendary-madmen-oversized-high-neck-tee,/collections/all-products/products/cold-oversized-high-neck-t-shi,301,DEAD_MISSING,1,/collections/all-products/products/cold-oversized-high-neck-t-shi,DEAD_MISSING,TIER2_RETARGET_OR_PUBLISH,/collections/shirts-tops,L
/collections/shirts-tops/products/legendary-madmen-oversized-high-neck-tee,/collections/shirts-tops/products/cold-oversized-high-neck-t-shi,301,DEAD_MISSING,1,/collections/shirts-tops/products/cold-oversized-high-neck-t-shi,DEAD_MISSING,TIER2_RETARGET_OR_PUBLISH,/collections/shirts-tops,L
/products/the-legendary-oversized-faded-tee-black,/,301,HOME,1,/,HOME,TIER3_HOME_REVIEW,/collections/shirts-tops,L
/products/loose-tapered-casual-wide-leg-sweatpants,/,301,HOME,1,/,HOME,TIER3_HOME_REVIEW,/collections/accessories-more,L
/products/dream-chasers-tee,/,301,HOME,1,/,HOME,TIER3_HOME_REVIEW,/collections/shirts-tops,L
/products/legendary-x-under-armour%c2%ae-mens-golf-polo,/,301,HOME,1,/,HOME,TIER3_HOME_REVIEW,/collections/shirts-tops,L
/products/legendary-ghosted-oversized-heavyweight-t-shirt,/products/cold-oversized-high-neck-t-shi,301,DEAD_MISSING,1,/products/cold-oversized-high-neck-t-shi,DEAD_MISSING,TIER2_RETARGET_OR_PUBLISH,/collections/shirts-tops,L
/collections/all-products/products/legendary-ghosted-oversized-heavyweight-t-shirt,/collections/all-products/products/cold-oversized-high-neck-t-shi,301,DEAD_MISSING,1,/collections/all-products/products/cold-oversized-high-neck-t-shi,DEAD_MISSING,TIER2_RETARGET_OR_PUBLISH,/collections/shirts-tops,L
/collections/shirts-tops/products/legendary-ghosted-oversized-heavyweight-t-shirt,/collections/shirts-tops/products/cold-oversized-high-neck-t-shi,301,DEAD_MISSING,1,/collections/shirts-tops/products/cold-oversized-high-neck-t-shi,DEAD_MISSING,TIER2_RETARGET_OR_PUBLISH,/collections/shirts-tops,L
/products/unisex-organic-oversized-high-neck-t-shirt,/products/cold-oversized-high-neck-t-shi,301,DEAD_MISSING,1,/products/cold-oversized-high-neck-t-shi,DEAD_MISSING,TIER2_RETARGET_OR_PUBLISH,/collections/shirts-tops,L
/collections/all-products/products/unisex-organic-oversized-high-neck-t-shirt,/collections/all-products/products/cold-oversized-high-neck-t-shi,301,DEAD_MISSING,1,/collections/all-products/products/cold-oversized-high-neck-t-shi,DEAD_MISSING,TIER2_RETARGET_OR_PUBLISH,/collections/shirts-tops,L
/collections/shirts-tops/products/unisex-organic-oversized-high-neck-t-shirt,/collections/shirts-tops/products/cold-oversized-high-neck-t-shi,301,DEAD_MISSING,1,/collections/shirts-tops/products/cold-oversized-high-neck-t-shi,DEAD_MISSING,TIER2_RETARGET_OR_PUBLISH,/collections/shirts-tops,L
/collections/all-products/products/premium-pique-polo,/,301,HOME,1,/,HOME,TIER3_HOME_REVIEW,/collections/shirts-tops,L
/products/spooky-gang-ghost-oversized-tee,/,301,HOME,1,/,HOME,TIER3_HOME_REVIEW,/collections/shirts-tops,L
/collections/unisex-tees/products/spooky-gang-pumpkin-oversized-t-shirt,/,301,HOME,1,/,HOME,TIER3_HOME_REVIEW,/collections/shirts-tops,L
/products/alternate-simply-legendary-tee,/,301,HOME,1,/,HOME,TIER3_HOME_REVIEW,/collections/shirts-tops,L
/collections/shirts-tops/products/alternate-simply-legendary-tee,/,301,HOME,1,/,HOME,TIER3_HOME_REVIEW,/collections/shirts-tops,L
/collections/shirts-tops/products/mid-legendary-premium-tee,/,301,HOME,1,/,HOME,TIER3_HOME_REVIEW,/collections/shirts-tops,L
/collections/all/products/alternate-simply-legendary-tee,/,301,HOME,1,/,HOME,TIER3_HOME_REVIEW,/collections/shirts-tops,L
/collections/legendary-womens-apparel/products/legendary-alternate-cuffed-beanie,/,301,HOME,1,/,HOME,TIER3_HOME_REVIEW,/collections/accessories-more,L
/collections/accessories-more/products/legendary-alternate-cuffed-beanie,/,301,HOME,1,/,HOME,TIER3_HOME_REVIEW,/collections/accessories-more,L
/collections/shirts-tops/products/the-legendary-alternate-tee,/,301,HOME,1,/,HOME,TIER3_HOME_REVIEW,/collections/shirts-tops,L
/products/mid-legendary-premium-tee,/,301,HOME,1,/,HOME,TIER3_HOME_REVIEW,/collections/shirts-tops,L
/products/short-sleeve-t-shirt,/,301,HOME,1,/,HOME,TIER3_HOME_REVIEW,/collections/accessories-more,L
/products/legendary-champion-long-sleeve-1,/,301,HOME,1,/,HOME,TIER3_HOME_REVIEW,/collections/hoodies-jackets,L
/collections/frontpage/products/mmshoes-arms-around-me-open-toe-slide-in-orange,/,301,HOME,1,/,HOME,TIER3_HOME_REVIEW,/collections/accessories-more,L
/collections/unisex-tees/products/mens-classic-tee-4,/,301,HOME,1,/,HOME,TIER3_HOME_REVIEW,/collections/shirts-tops,L
/collections/unisex-tees/products/legendary-evil-t-shirt,/,301,HOME,1,/,HOME,TIER3_HOME_REVIEW,/collections/shirts-tops,L
/collections/unisex-tees/products/short-sleeve-t-shirt-1,/,301,HOME,1,/,HOME,TIER3_HOME_REVIEW,/collections/accessories-more,L
/collections/womens-apparel/products/yelete-best-of-you-full-size-reversible-seamless-tank,/,301,HOME,1,/,HOME,TIER3_HOME_REVIEW,/collections/shirts-tops,L
/collections/womens-apparel/products/risen-full-size-hazel-high-rise-distressed-flare-jeans,/,301,HOME,1,/,HOME,TIER3_HOME_REVIEW,/collections/accessories-more,L
/collections/frontpage/products/wild-diva-summer-feels-platform-slide,/,301,HOME,1,/,HOME,TIER3_HOME_REVIEW,/collections/accessories-more,L
/collections/everything/products/legendary-alien-style-t-shirt,/,301,HOME,1,/,HOME,TIER3_HOME_REVIEW,/collections/shirts-tops,L
/collections/womens-apparel/products/mmshoes-arms-around-me-open-toe-slide-in-white,/,301,HOME,1,/,HOME,TIER3_HOME_REVIEW,/collections/accessories-more,L
/collections/womens-apparel/products/qupid-platform-cage-stap-sandal-in-black,/,301,HOME,1,/,HOME,TIER3_HOME_REVIEW,/collections/accessories-more,L
/collections/womens-apparel/products/lace-trim-cami-and-plaid-pants-lounge-set,/,301,HOME,1,/,HOME,TIER3_HOME_REVIEW,/collections/accessories-more,L
/collections/unisex-tees/products/simply-legendary-t-shirt,/,301,HOME,1,/,HOME,TIER3_HOME_REVIEW,/collections/shirts-tops,L
/collections/womens-apparel/products/drawstring-raw-hem-denim-shorts,/,301,HOME,1,/,HOME,TIER3_HOME_REVIEW,/collections/accessories-more,L
/collections/all-products/products/mens-classic-tee-1,/,301,HOME,1,/,HOME,TIER3_HOME_REVIEW,/collections/shirts-tops,L
/collections/frontpage/products/weeboo-walk-it-out-slide-sandals-in-nude,/,301,HOME,1,/,HOME,TIER3_HOME_REVIEW,/collections/accessories-more,L
/collections/womens-apparel/products/mmshoes-arms-around-me-open-toe-slide-in-orange,/,301,HOME,1,/,HOME,TIER3_HOME_REVIEW,/collections/accessories-more,L
/collections/unisex-apparel/products/legendary-champion-pull-over-sweatshirt,/,301,HOME,1,/,HOME,TIER3_HOME_REVIEW,/collections/hoodies-jackets,L
/collections/unisex-tees/products/legendary-warrior-t-shirt,/,301,HOME,1,/,HOME,TIER3_HOME_REVIEW,/collections/shirts-tops,L
/collections/unisex-tees/products/organic-t-shirt-2,/,301,HOME,1,/,HOME,TIER3_HOME_REVIEW,/collections/shirts-tops,L
/collections/womens-apparel/products/risen-full-size-lois-distressed-loose-fit-jeans,/,301,HOME,1,/,HOME,TIER3_HOME_REVIEW,/collections/accessories-more,L
/collections/womens-apparel/products/floral-high-waist-shorts-with-pockets,/,301,HOME,1,/,HOME,TIER3_HOME_REVIEW,/collections/accessories-more,L
/collections/everything/products/mens-classic-tee-5,/,301,HOME,1,/,HOME,TIER3_HOME_REVIEW,/collections/shirts-tops,L
/collections/frontpage/products/mmshoes-arms-around-me-open-toe-slide-in-white,/,301,HOME,1,/,HOME,TIER3_HOME_REVIEW,/collections/accessories-more,L
/collections/womens-apparel/products/striped-one-shoulder-slit-dress,/,301,HOME,1,/,HOME,TIER3_HOME_REVIEW,/collections/accessories-more,L
/collections/everything/products/mens-classic-tee-4,/,301,HOME,1,/,HOME,TIER3_HOME_REVIEW,/collections/shirts-tops,L
/collections/everything/products/mens-classic-tee-9,/,301,HOME,1,/,HOME,TIER3_HOME_REVIEW,/collections/shirts-tops,L
/collections/womens-apparel/products/kancan-alyssa-full-size-high-rise-skinny-jeans,/,301,HOME,1,/,HOME,TIER3_HOME_REVIEW,/collections/accessories-more,L
/collections/everything/products/legendary-skate-t-shirt,/,301,HOME,1,/,HOME,TIER3_HOME_REVIEW,/collections/shirts-tops,L
/collections/everything/products/legendary-spray-paint-t-shirt,/,301,HOME,1,/,HOME,TIER3_HOME_REVIEW,/collections/shirts-tops,L
/collections/frontpage/products/mmshoes-arms-around-me-open-toe-slide-in-yellow,/,301,HOME,1,/,HOME,TIER3_HOME_REVIEW,/collections/accessories-more,L
/collections/everything/products/legendary-ufo-t-shirt,/,301,HOME,1,/,HOME,TIER3_HOME_REVIEW,/collections/shirts-tops,L
/collections/everything/products/legendary-i-n-s-t-shirt,/,301,HOME,1,/,HOME,TIER3_HOME_REVIEW,/collections/shirts-tops,L
/collections/frontpage/products/qupid-summertime-fine-double-strap-twist-sandals,/,301,HOME,1,/,HOME,TIER3_HOME_REVIEW,/collections/accessories-more,L
/collections/frontpage/products/risen-full-size-hazel-high-rise-distressed-flare-jeans,/,301,HOME,1,/,HOME,TIER3_HOME_REVIEW,/collections/accessories-more,L
/collections/unisex-tees/products/legendary-ltd-25-tee-v-2,/,301,HOME,1,/,HOME,TIER3_HOME_REVIEW,/collections/shirts-tops,L
/collections/womens-apparel/products/risen-lily-high-waisted-distressed-shorts,/,301,HOME,1,/,HOME,TIER3_HOME_REVIEW,/collections/accessories-more,L
/collections/everything/products/legendary-warrior-t-shirt,/,301,HOME,1,/,HOME,TIER3_HOME_REVIEW,/collections/shirts-tops,L
/products/men-s-slides,/,301,HOME,1,/,HOME,TIER3_HOME_REVIEW,/collections/accessories-more,L
/products/mens-fleece-shorts,/,301,HOME,1,/,HOME,TIER3_HOME_REVIEW,/collections/hoodies-jackets,L
/collections/frontpage/products/qupid-platform-cage-stap-sandal-in-tan,/,301,HOME,1,/,HOME,TIER3_HOME_REVIEW,/collections/accessories-more,L
/collections/everything/products/simply-legendary-t-shirt,/,301,HOME,1,/,HOME,TIER3_HOME_REVIEW,/collections/shirts-tops,L
/collections/womens-apparel/products/textured-smocked-waist-pants-with-pockets,/,301,HOME,1,/,HOME,TIER3_HOME_REVIEW,/collections/accessories-more,L
/collections/everything/products/legendary-evil-t-shirt,/,301,HOME,1,/,HOME,TIER3_HOME_REVIEW,/collections/shirts-tops,L
/collections/womens-apparel/products/square-neck-sleeveless-romper-with-pockets,/,301,HOME,1,/,HOME,TIER3_HOME_REVIEW,/collections/accessories-more,L
/collections/womens-apparel/products/sports-leggings,/,301,HOME,1,/,HOME,TIER3_HOME_REVIEW,/collections/accessories-more,L
/collections/frontpage/products/legend-lets-chill-3d-stud-slide-sandal,/,301,HOME,1,/,HOME,TIER3_HOME_REVIEW,/collections/accessories-more,L
/collections/unisex-tees/products/legendary-i-n-s-t-shirt,/,301,HOME,1,/,HOME,TIER3_HOME_REVIEW,/collections/shirts-tops,L
/collections/unisex-tees/products/legendary-spray-paint-t-shirt,/,301,HOME,1,/,HOME,TIER3_HOME_REVIEW,/collections/shirts-tops,L
/collections/frontpage/products/nook-joi-laid-back-bubble-slides-in-black,/,301,HOME,1,/,HOME,TIER3_HOME_REVIEW,/collections/accessories-more,L
/collections/frontpage/products/nook-joi-laid-back-bubble-slides-in-green,/,301,HOME,1,/,HOME,TIER3_HOME_REVIEW,/collections/accessories-more,L
/collections/champion-collection/products/legendary-champion-pull-over-sweatshirt,/,301,HOME,1,/,HOME,TIER3_HOME_REVIEW,/collections/hoodies-jackets,L
/collections/unisex-apparel/products/legendary-hoodie,/,301,HOME,1,/,HOME,TIER3_HOME_REVIEW,/collections/hoodies-jackets,L
/collections/unisex-tees/products/legendary-m-p-t-shirt,/,301,HOME,1,/,HOME,TIER3_HOME_REVIEW,/collections/shirts-tops,L
/pages/ccpa-opt-out,/,301,HOME,1,/,HOME,TIER1_RETARGET,/pages/data-sharing-opt-out,H
/collections/everything/products/legendary-skull-silhouette-t-shirt,/,301,HOME,1,/,HOME,TIER3_HOME_REVIEW,/collections/shirts-tops,L
/collections/womens-apparel/products/risen-olivia-denim-overall-mini-dress,/,301,HOME,1,/,HOME,TIER3_HOME_REVIEW,/collections/accessories-more,L
/collections/unisex-tees/products/legendary-bear-20-tee,/,301,HOME,1,/,HOME,TIER3_HOME_REVIEW,/collections/shirts-tops,L
/collections/everything/products/legendary-m-p-t-shirt,/,301,HOME,1,/,HOME,TIER3_HOME_REVIEW,/collections/shirts-tops,L
/collections/frontpage/products/qupid-platform-cage-stap-sandal-in-black,/,301,HOME,1,/,HOME,TIER3_HOME_REVIEW,/collections/accessories-more,L
/collections/frontpage/products/nook-joi-laid-back-bubble-slides-in-khaki,/,301,HOME,1,/,HOME,TIER3_HOME_REVIEW,/collections/accessories-more,L
/collections/unisex-tees/products/legendary-alien-style-t-shirt,/,301,HOME,1,/,HOME,TIER3_HOME_REVIEW,/collections/shirts-tops,L
/collections/womens-apparel/products/qupid-platform-cage-stap-sandal-in-tan,/,301,HOME,1,/,HOME,TIER3_HOME_REVIEW,/collections/accessories-more,L
/collections/unisex-tees/products/legendary-skull-silhouette-t-shirt,/,301,HOME,1,/,HOME,TIER3_HOME_REVIEW,/collections/shirts-tops,L
/collections/womens-apparel/products/weeboo-walk-it-out-slide-sandals-in-nude,/,301,HOME,1,/,HOME,TIER3_HOME_REVIEW,/collections/accessories-more,L
/collections/unisex-tees/products/mens-classic-tee-9,/,301,HOME,1,/,HOME,TIER3_HOME_REVIEW,/collections/shirts-tops,L
/products/legendary-champion-hoodie,/,301,HOME,1,/,HOME,TIER3_HOME_REVIEW,/collections/hoodies-jackets,L
/products/organic-t-shirt,/,301,HOME,1,/,HOME,TIER3_HOME_REVIEW,/collections/shirts-tops,L
/products/nook-joi-laid-back-bubble-slides-in-black,/,301,HOME,1,/,HOME,TIER3_HOME_REVIEW,/collections/accessories-more,L
/collections/unisex-tees/products/organic-t-shirt,/,301,HOME,1,/,HOME,TIER3_HOME_REVIEW,/collections/shirts-tops,L
/collections/unisex-tees/products/legendary-athletic-shorts-2,/,301,HOME,1,/,HOME,TIER3_HOME_REVIEW,/collections/accessories-more,L
/products/weeboo-walk-it-out-slide-sandals-in-nude,/,301,HOME,1,/,HOME,TIER3_HOME_REVIEW,/collections/accessories-more,L
/products/mens-classic-tee-9,/,301,HOME,1,/,HOME,TIER3_HOME_REVIEW,/collections/shirts-tops,L
/products/mid-legendary-premium-t,/,301,HOME,1,/,HOME,TIER3_HOME_REVIEW,/collections/all-products,L
/collections/shirts-tops/products/mid-legendary-premium-t,/,301,HOME,1,/,HOME,TIER3_HOME_REVIEW,/collections/shirts-tops,L
/products/simply-legendary-t-shirt,/,301,HOME,1,/,HOME,TIER3_HOME_REVIEW,/collections/shirts-tops,L
/products/legendary-skull-silhouette-t-shirt,/,301,HOME,1,/,HOME,TIER3_HOME_REVIEW,/collections/shirts-tops,L
/products/spooky-gang-oversized-t-shirt,/,301,HOME,1,/,HOME,TIER3_HOME_REVIEW,/collections/shirts-tops,L
/collections/all-products/products/oversized-heavyweight-t-shirt-2,/,301,HOME,1,/,HOME,TIER3_HOME_REVIEW,/collections/shirts-tops,L
/collections/all-products/products/red-button-tee,/,301,HOME,1,/,HOME,TIER3_HOME_REVIEW,/collections/shirts-tops,L
/collections/legendary-womens-apparel/products/alternate-cuffed-beanie,/,301,HOME,1,/,HOME,TIER3_HOME_REVIEW,/collections/accessories-more,L
/collections/accessories-more/products/alternate-cuffed-beanie,/,301,HOME,1,/,HOME,TIER3_HOME_REVIEW,/collections/accessories-more,L
/products/womens-short-sleeve-t-shirt,/,301,HOME,1,/,HOME,TIER3_HOME_REVIEW,/collections/accessories-more,L
/products/simply-legendary-women-s-micro-rib-tank,/,301,HOME,1,/,HOME,TIER3_HOME_REVIEW,/collections/shirts-tops,L
/products/unisex-classic-tee-1,/,301,HOME,1,/,HOME,TIER3_HOME_REVIEW,/collections/shirts-tops,L
/products/legendary-x-champion-quarter-zip-pullover,/products/legendary-x-champion-r-water-resistant-jacket,301,OK,1,/products/legendary-x-champion-r-water-resistant-jacket,OK,KEEP,,
/collections/recommended-products-seguno/products/legendary-x-champion-quarter-zip-pullover,/collections/recommended-products-seguno/products/legendary-x-champion-r-water-resistant-jacket,301,HOP_DEAD_COLLECTION,2,/products/legendary-x-champion-r-water-resistant-jacket,OK,TIER1_RETARGET,/products/legendary-x-champion-r-water-resistant-jacket,H
/collections/all-products/products/legendary-x-champion-quarter-zip-pullover,/collections/all-products/products/legendary-x-champion-r-water-resistant-jacket,301,OK,1,/collections/all-products/products/legendary-x-champion-r-water-resistant-jacket,OK,KEEP,,
/collections/shirts-tops/products/legendary-x-champion-quarter-zip-pullover,/collections/shirts-tops/products/legendary-x-champion-r-water-resistant-jacket,301,OK,1,/collections/shirts-tops/products/legendary-x-champion-r-water-resistant-jacket,OK,KEEP,,
/collections/legendary-x-champion-r-collection/products/legendary-x-champion-quarter-zip-pullover,/collections/legendary-x-champion-r-collection/products/legendary-x-champion-r-water-resistant-jacket,301,HOP_DEAD_COLLECTION,2,/products/legendary-x-champion-r-water-resistant-jacket,OK,TIER1_RETARGET,/products/legendary-x-champion-r-water-resistant-jacket,H
/collections/legendary-womens-apparel/products/legendary-x-champion-quarter-zip-pullover,/collections/legendary-womens-apparel/products/legendary-x-champion-r-water-resistant-jacket,301,HOP_DEAD_COLLECTION,2,/products/legendary-x-champion-r-water-resistant-jacket,OK,TIER1_RETARGET,/products/legendary-x-champion-r-water-resistant-jacket,H
/products/witches-be-trippin-t-shirt,/#seotidi3Guw7fs9,301,FRAGMENT,1,/#seotidi3Guw7fs9,FRAGMENT,TIER3_FRAGMENT_RETARGET,/collections/shirts-tops,L
/products/simply-legendary-t-shirt-1,/products/the-goat-premium-polo,301,OK,1,/products/the-goat-premium-polo,OK,KEEP,,
/collections/recommended-products-seguno/products/simply-legendary-t-shirt-1,/collections/recommended-products-seguno/products/the-goat-premium-polo,301,HOP_DEAD_COLLECTION,2,/products/the-goat-premium-polo,OK,TIER1_RETARGET,/products/the-goat-premium-polo,H
/collections/all-products/products/simply-legendary-t-shirt-1,/collections/all-products/products/the-goat-premium-polo,301,OK,1,/collections/all-products/products/the-goat-premium-polo,OK,KEEP,,
/collections/shirts-tops/products/simply-legendary-t-shirt-1,/collections/shirts-tops/products/the-goat-premium-polo,301,OK,1,/collections/shirts-tops/products/the-goat-premium-polo,OK,KEEP,,
/collections/legendary-womens-apparel/products/simply-legendary-t-shirt-1,/collections/legendary-womens-apparel/products/the-goat-premium-polo,301,HOP_DEAD_COLLECTION,2,/products/the-goat-premium-polo,OK,TIER1_RETARGET,/products/the-goat-premium-polo,H
/products/simply-legendary-oversized-faded-t-shirt-black,/,301,HOME,1,/,HOME,TIER3_HOME_REVIEW,/collections/shirts-tops,L
/products/champion-sweatshirt-1,/products/legendary-x-champion-r-simple-sweatshirt,301,OK,1,/products/legendary-x-champion-r-simple-sweatshirt,OK,KEEP,,
/collections/recommended-products-seguno/products/champion-sweatshirt-1,/collections/recommended-products-seguno/products/legendary-x-champion-r-simple-sweatshirt,301,HOP_DEAD_COLLECTION,2,/products/legendary-x-champion-r-simple-sweatshirt,OK,TIER1_RETARGET,/products/legendary-x-champion-r-simple-sweatshirt,H
/collections/all-products/products/champion-sweatshirt-1,/collections/all-products/products/legendary-x-champion-r-simple-sweatshirt,301,OK,1,/collections/all-products/products/legendary-x-champion-r-simple-sweatshirt,OK,KEEP,,
/collections/legendary-x-champion-r-collection/products/champion-sweatshirt-1,/collections/legendary-x-champion-r-collection/products/legendary-x-champion-r-simple-sweatshirt,301,HOP_DEAD_COLLECTION,2,/products/legendary-x-champion-r-simple-sweatshirt,OK,TIER1_RETARGET,/products/legendary-x-champion-r-simple-sweatshirt,H
/collections/legendary-womens-apparel/products/champion-sweatshirt-1,/collections/legendary-womens-apparel/products/legendary-x-champion-r-simple-sweatshirt,301,HOP_DEAD_COLLECTION,2,/products/legendary-x-champion-r-simple-sweatshirt,OK,TIER1_RETARGET,/products/legendary-x-champion-r-simple-sweatshirt,H
/collections/hoodies-jackets/products/champion-sweatshirt-1,/,301,HOME,1,/,HOME,TIER3_HOME_REVIEW,/collections/hoodies-jackets,L
/products/loose-tappered-casual-wide-leg-sweatpants,/,301,HOME,1,/,HOME,TIER3_HOME_REVIEW,/collections/accessories-more,L
/collections/recommended-products-seguno/products/loose-tappered-casual-wide-leg-sweatpants,/collections/recommended-products-seguno/products/legendary-wide-leg-sweatpants,301,HOP_DEAD_COLLECTION,2,/products/legendary-wide-leg-sweatpants,OK,TIER1_RETARGET,/products/legendary-wide-leg-sweatpants,H
/collections/all-products/products/loose-tappered-casual-wide-leg-sweatpants,/collections/all-products/products/legendary-wide-leg-sweatpants,301,OK,1,/collections/all-products/products/legendary-wide-leg-sweatpants,OK,KEEP,,
/collections/sponsored-products/products/loose-tappered-casual-wide-leg-sweatpants,/,301,HOME,1,/,HOME,TIER3_HOME_REVIEW,/collections/accessories-more,L
/collections/legendary-womens-apparel/products/loose-tappered-casual-wide-leg-sweatpants,/collections/legendary-womens-apparel/products/legendary-wide-leg-sweatpants,301,HOP_DEAD_COLLECTION,2,/products/legendary-wide-leg-sweatpants,OK,TIER1_RETARGET,/products/legendary-wide-leg-sweatpants,H
/products/unisex-hoodie,/#seotidMEdk5T7dm,301,FRAGMENT,1,/#seotidMEdk5T7dm,FRAGMENT,TIER3_FRAGMENT_RETARGET,/collections/hoodies-jackets,L
/products/pwf-t-shirt,/,301,HOME,1,/,HOME,TIER3_HOME_REVIEW,/collections/shirts-tops,L
/products/flamefacetee,/#seotidZnGVrYwZk,301,FRAGMENT,1,/#seotidZnGVrYwZk,FRAGMENT,TIER3_FRAGMENT_RETARGET,/collections/shirts-tops,L
/products/dream-chasers-2-0-t-shirt,/,301,HOME,1,/,HOME,TIER3_HOME_REVIEW,/collections/shirts-tops,L
/products/dream-chasers-t-shirt,/,301,HOME,1,/,HOME,TIER3_HOME_REVIEW,/collections/shirts-tops,L
/products/athletic-department-oversized-hoodie,/products/goat-club-spray-painted-oversized-hoodie,301,DEAD_MISSING,1,/products/goat-club-spray-painted-oversized-hoodie,DEAD_MISSING,TIER2_RETARGET_OR_PUBLISH,/collections/hoodies-jackets,L
/collections/recommended-products-seguno/products/athletic-department-oversized-hoodie,/collections/recommended-products-seguno/products/goat-club-spray-painted-oversized-hoodie,301,DEAD_MISSING,1,/collections/recommended-products-seguno/products/goat-club-spray-painted-oversized-hoodie,DEAD_MISSING,TIER2_RETARGET_OR_PUBLISH,/collections/hoodies-jackets,L
/collections/all-products/products/athletic-department-oversized-hoodie,/collections/all-products/products/goat-club-spray-painted-oversized-hoodie,301,DEAD_MISSING,1,/collections/all-products/products/goat-club-spray-painted-oversized-hoodie,DEAD_MISSING,TIER2_RETARGET_OR_PUBLISH,/collections/hoodies-jackets,L
/collections/legendary-womens-apparel/products/athletic-department-oversized-hoodie,/collections/legendary-womens-apparel/products/goat-club-spray-painted-oversized-hoodie,301,DEAD_MISSING,1,/collections/legendary-womens-apparel/products/goat-club-spray-painted-oversized-hoodie,DEAD_MISSING,TIER2_RETARGET_OR_PUBLISH,/collections/hoodies-jackets,L
/collections/hoodies-jackets/products/athletic-department-oversized-hoodie,/collections/hoodies-jackets/products/goat-club-spray-painted-oversized-hoodie,301,DEAD_MISSING,1,/collections/hoodies-jackets/products/goat-club-spray-painted-oversized-hoodie,DEAD_MISSING,TIER2_RETARGET_OR_PUBLISH,/collections/hoodies-jackets,L
/products/legendary-ghosted-t-shirt,/products/ghosted-tee,301,DEAD_MISSING,1,/products/ghosted-tee,DEAD_MISSING,TIER2_RETARGET_OR_PUBLISH,/collections/shirts-tops,L
/collections/recommended-products-seguno/products/legendary-ghosted-t-shirt,/collections/recommended-products-seguno/products/ghosted-tee,301,DEAD_MISSING,1,/collections/recommended-products-seguno/products/ghosted-tee,DEAD_MISSING,TIER2_RETARGET_OR_PUBLISH,/collections/shirts-tops,L
/collections/all-products/products/legendary-ghosted-t-shirt,/collections/all-products/products/ghosted-tee,301,DEAD_MISSING,1,/collections/all-products/products/ghosted-tee,DEAD_MISSING,TIER2_RETARGET_OR_PUBLISH,/collections/shirts-tops,L
/collections/shirts-tops/products/legendary-ghosted-t-shirt,/collections/shirts-tops/products/ghosted-tee,301,DEAD_MISSING,1,/collections/shirts-tops/products/ghosted-tee,DEAD_MISSING,TIER2_RETARGET_OR_PUBLISH,/collections/shirts-tops,L
/collections/legendary-womens-apparel/products/legendary-ghosted-t-shirt,/collections/legendary-womens-apparel/products/ghosted-tee,301,DEAD_MISSING,1,/collections/legendary-womens-apparel/products/ghosted-tee,DEAD_MISSING,TIER2_RETARGET_OR_PUBLISH,/collections/shirts-tops,L
/products/legendary-butterfly-t-shirt,/products/butterfly-tee,301,DEAD_MISSING,2,/products/the-savage-butterfly-tshirt,DEAD_UNLISTED,TIER2_RETARGET_OR_PUBLISH,/collections/shirts-tops,L
/collections/recommended-products-seguno/products/legendary-butterfly-t-shirt,/collections/recommended-products-seguno/products/butterfly-tee,301,DEAD_MISSING,1,/collections/recommended-products-seguno/products/butterfly-tee,DEAD_MISSING,TIER2_RETARGET_OR_PUBLISH,/collections/shirts-tops,L
/collections/all-products/products/legendary-butterfly-t-shirt,/collections/all-products/products/butterfly-tee,301,DEAD_MISSING,1,/collections/all-products/products/butterfly-tee,DEAD_MISSING,TIER2_RETARGET_OR_PUBLISH,/collections/shirts-tops,L
/collections/shirts-tops/products/legendary-butterfly-t-shirt,/collections/shirts-tops/products/butterfly-tee,301,DEAD_MISSING,1,/collections/shirts-tops/products/butterfly-tee,DEAD_MISSING,TIER2_RETARGET_OR_PUBLISH,/collections/shirts-tops,L
/collections/legendary-womens-apparel/products/legendary-butterfly-t-shirt,/collections/legendary-womens-apparel/products/butterfly-tee,301,DEAD_MISSING,1,/collections/legendary-womens-apparel/products/butterfly-tee,DEAD_MISSING,TIER2_RETARGET_OR_PUBLISH,/collections/shirts-tops,L
/products/mens-classic-tee-7,/,301,HOME,1,/,HOME,TIER3_HOME_REVIEW,/collections/shirts-tops,L
/products/legendary-branding-t-shirt,/products/legendary-branding-fleece-zip-up,301,OK,1,/products/legendary-branding-fleece-zip-up,OK,KEEP,,
/collections/recommended-products-seguno/products/legendary-branding-t-shirt,/collections/recommended-products-seguno/products/legendary-branding-fleece-zip-up,301,HOP_DEAD_COLLECTION,2,/products/legendary-branding-fleece-zip-up,OK,TIER1_RETARGET,/products/legendary-branding-fleece-zip-up,H
/collections/all-products/products/legendary-branding-t-shirt,/collections/all-products/products/legendary-branding-fleece-zip-up,301,OK,1,/collections/all-products/products/legendary-branding-fleece-zip-up,OK,KEEP,,
/collections/shirts-tops/products/legendary-branding-t-shirt,/collections/shirts-tops/products/legendary-branding-fleece-zip-up,301,OK,1,/collections/shirts-tops/products/legendary-branding-fleece-zip-up,OK,KEEP,,
/collections/legendary-womens-apparel/products/legendary-branding-t-shirt,/collections/legendary-womens-apparel/products/legendary-branding-fleece-zip-up,301,HOP_DEAD_COLLECTION,2,/products/legendary-branding-fleece-zip-up,OK,TIER1_RETARGET,/products/legendary-branding-fleece-zip-up,H
/products/champion-sweatshirt,/products/legendary-x-champion-r-simple-sweatshirt,301,OK,1,/products/legendary-x-champion-r-simple-sweatshirt,OK,KEEP,,
/collections/recommended-products-seguno/products/champion-sweatshirt,/collections/recommended-products-seguno/products/legendary-x-champion-r-simple-sweatshirt,301,HOP_DEAD_COLLECTION,2,/products/legendary-x-champion-r-simple-sweatshirt,OK,TIER1_RETARGET,/products/legendary-x-champion-r-simple-sweatshirt,H
/collections/all-products/products/champion-sweatshirt,/collections/all-products/products/legendary-x-champion-r-simple-sweatshirt,301,OK,1,/collections/all-products/products/legendary-x-champion-r-simple-sweatshirt,OK,KEEP,,
/collections/shirts-tops/products/champion-sweatshirt,/collections/shirts-tops/products/legendary-x-champion-r-simple-sweatshirt,301,OK,1,/collections/shirts-tops/products/legendary-x-champion-r-simple-sweatshirt,OK,KEEP,,
/collections/legendary-x-champion-r-collection/products/champion-sweatshirt,/collections/legendary-x-champion-r-collection/products/legendary-x-champion-r-simple-sweatshirt,301,HOP_DEAD_COLLECTION,2,/products/legendary-x-champion-r-simple-sweatshirt,OK,TIER1_RETARGET,/products/legendary-x-champion-r-simple-sweatshirt,H
/collections/legendary-womens-apparel/products/champion-sweatshirt,/collections/legendary-womens-apparel/products/legendary-x-champion-r-simple-sweatshirt,301,HOP_DEAD_COLLECTION,2,/products/legendary-x-champion-r-simple-sweatshirt,OK,TIER1_RETARGET,/products/legendary-x-champion-r-simple-sweatshirt,H
/collections/hoodies-jackets/products/champion-sweatshirt,/collections/hoodies-jackets/products/legendary-x-champion-r-simple-sweatshirt,301,OK,1,/collections/hoodies-jackets/products/legendary-x-champion-r-simple-sweatshirt,OK,KEEP,,
/products/legendary-round-world-t-shirt,/,301,HOME,1,/,HOME,TIER3_HOME_REVIEW,/collections/shirts-tops,L
/products/legendary-athletic-shorts-2,/products/athletic-shorts-black,301,DEAD_UNLISTED,1,/products/athletic-shorts-black,DEAD_UNLISTED,TIER2_RETARGET_OR_PUBLISH,/collections/accessories-more,L
/collections/recommended-products-seguno/products/legendary-athletic-shorts-2,/collections/recommended-products-seguno/products/athletic-shorts-black,301,DEAD_UNLISTED,1,/collections/recommended-products-seguno/products/athletic-shorts-black,DEAD_UNLISTED,TIER2_RETARGET_OR_PUBLISH,/collections/accessories-more,L
/collections/all-products/products/legendary-athletic-shorts-2,/collections/all-products/products/athletic-shorts-black,301,DEAD_UNLISTED,1,/collections/all-products/products/athletic-shorts-black,DEAD_UNLISTED,TIER2_RETARGET_OR_PUBLISH,/collections/accessories-more,L
/collections/legendary-womens-apparel/products/legendary-athletic-shorts-2,/collections/legendary-womens-apparel/products/athletic-shorts-black,301,DEAD_UNLISTED,1,/collections/legendary-womens-apparel/products/athletic-shorts-black,DEAD_UNLISTED,TIER2_RETARGET_OR_PUBLISH,/collections/accessories-more,L
/products/legendary-athletic-shorts-1,/products/athletic-shorts-white,301,DEAD_UNLISTED,1,/products/athletic-shorts-white,DEAD_UNLISTED,TIER2_RETARGET_OR_PUBLISH,/collections/accessories-more,L
/collections/recommended-products-seguno/products/legendary-athletic-shorts-1,/collections/recommended-products-seguno/products/athletic-shorts-white,301,DEAD_UNLISTED,1,/collections/recommended-products-seguno/products/athletic-shorts-white,DEAD_UNLISTED,TIER2_RETARGET_OR_PUBLISH,/collections/accessories-more,L
/collections/all-products/products/legendary-athletic-shorts-1,/collections/all-products/products/athletic-shorts-white,301,DEAD_UNLISTED,1,/collections/all-products/products/athletic-shorts-white,DEAD_UNLISTED,TIER2_RETARGET_OR_PUBLISH,/collections/accessories-more,L
/collections/legendary-womens-apparel/products/legendary-athletic-shorts-1,/collections/legendary-womens-apparel/products/athletic-shorts-white,301,DEAD_UNLISTED,1,/collections/legendary-womens-apparel/products/athletic-shorts-white,DEAD_UNLISTED,TIER2_RETARGET_OR_PUBLISH,/collections/accessories-more,L
/products/legendary-foam-trucker-hat,/,301,HOME,1,/,HOME,TIER3_HOME_REVIEW,/collections/accessories-more,L
/collections/recommended-products-seguno/products/legendary-foam-trucker-hat,/collections/recommended-products-seguno/products/neverdy-foam-trucker-hat,301,DEAD_MISSING,1,/collections/recommended-products-seguno/products/neverdy-foam-trucker-hat,DEAD_MISSING,TIER1_RETARGET,/products/the-lb-hat-foam-trucker-hat,H
/collections/all-products/products/legendary-foam-trucker-hat,/collections/all-products/products/neverdy-foam-trucker-hat,301,DEAD_MISSING,1,/collections/all-products/products/neverdy-foam-trucker-hat,DEAD_MISSING,TIER1_RETARGET,/products/the-lb-hat-foam-trucker-hat,H
/collections/legendary-womens-apparel/products/legendary-foam-trucker-hat,/collections/legendary-womens-apparel/products/neverdy-foam-trucker-hat,301,DEAD_MISSING,1,/collections/legendary-womens-apparel/products/neverdy-foam-trucker-hat,DEAD_MISSING,TIER1_RETARGET,/products/the-lb-hat-foam-trucker-hat,H
/collections/accessories-more/products/legendary-foam-trucker-hat,/collections/accessories-more/products/neverdy-foam-trucker-hat,301,DEAD_MISSING,1,/collections/accessories-more/products/neverdy-foam-trucker-hat,DEAD_MISSING,TIER1_RETARGET,/products/the-lb-hat-foam-trucker-hat,H
/products/legendary-champion-sweatshirt,/products/legendary-x-champion-r-simple-sweatshirt,301,OK,1,/products/legendary-x-champion-r-simple-sweatshirt,OK,KEEP,,
/collections/recommended-products-seguno/products/legendary-champion-sweatshirt,/collections/recommended-products-seguno/products/legendary-x-champion-r-simple-sweatshirt,301,HOP_DEAD_COLLECTION,2,/products/legendary-x-champion-r-simple-sweatshirt,OK,TIER1_RETARGET,/products/legendary-x-champion-r-simple-sweatshirt,H
/collections/all-products/products/legendary-champion-sweatshirt,/collections/all-products/products/legendary-x-champion-r-simple-sweatshirt,301,OK,1,/collections/all-products/products/legendary-x-champion-r-simple-sweatshirt,OK,KEEP,,
/collections/legendary-x-champion-r-collection/products/legendary-champion-sweatshirt,/collections/legendary-x-champion-r-collection/products/legendary-x-champion-r-simple-sweatshirt,301,HOP_DEAD_COLLECTION,2,/products/legendary-x-champion-r-simple-sweatshirt,OK,TIER1_RETARGET,/products/legendary-x-champion-r-simple-sweatshirt,H
/collections/legendary-womens-apparel/products/legendary-champion-sweatshirt,/collections/legendary-womens-apparel/products/legendary-x-champion-r-simple-sweatshirt,301,HOP_DEAD_COLLECTION,2,/products/legendary-x-champion-r-simple-sweatshirt,OK,TIER1_RETARGET,/products/legendary-x-champion-r-simple-sweatshirt,H
/collections/hoodies-jackets/products/legendary-champion-sweatshirt,/collections/hoodies-jackets/products/legendary-x-champion-r-simple-sweatshirt,301,OK,1,/collections/hoodies-jackets/products/legendary-x-champion-r-simple-sweatshirt,OK,KEEP,,
/products/legendary-athletic-shorts,/products/drip-athletic-shorts,301,DEAD_UNLISTED,1,/products/drip-athletic-shorts,DEAD_UNLISTED,TIER2_RETARGET_OR_PUBLISH,/collections/accessories-more,L
/collections/recommended-products-seguno/products/legendary-athletic-shorts,/collections/recommended-products-seguno/products/drip-athletic-shorts,301,DEAD_UNLISTED,1,/collections/recommended-products-seguno/products/drip-athletic-shorts,DEAD_UNLISTED,TIER2_RETARGET_OR_PUBLISH,/collections/accessories-more,L
/collections/all-products/products/legendary-athletic-shorts,/collections/all-products/products/drip-athletic-shorts,301,DEAD_UNLISTED,1,/collections/all-products/products/drip-athletic-shorts,DEAD_UNLISTED,TIER2_RETARGET_OR_PUBLISH,/collections/accessories-more,L
/collections/legendary-womens-apparel/products/legendary-athletic-shorts,/collections/legendary-womens-apparel/products/drip-athletic-shorts,301,DEAD_UNLISTED,1,/collections/legendary-womens-apparel/products/drip-athletic-shorts,DEAD_UNLISTED,TIER2_RETARGET_OR_PUBLISH,/collections/accessories-more,L
/products/unisex-champion-tie-dye-hoodie,/products/legendary-x-champion-r-simple-sweatshirt,301,OK,1,/products/legendary-x-champion-r-simple-sweatshirt,OK,KEEP,,
/collections/recommended-products-seguno/products/unisex-champion-tie-dye-hoodie,/collections/recommended-products-seguno/products/legendary-x-champion-r-simple-sweatshirt,301,HOP_DEAD_COLLECTION,2,/products/legendary-x-champion-r-simple-sweatshirt,OK,TIER1_RETARGET,/products/legendary-x-champion-r-simple-sweatshirt,H
/collections/all-products/products/unisex-champion-tie-dye-hoodie,/collections/all-products/products/legendary-x-champion-r-simple-sweatshirt,301,OK,1,/collections/all-products/products/legendary-x-champion-r-simple-sweatshirt,OK,KEEP,,
/collections/legendary-x-champion-r-collection/products/unisex-champion-tie-dye-hoodie,/collections/legendary-x-champion-r-collection/products/legendary-x-champion-r-simple-sweatshirt,301,HOP_DEAD_COLLECTION,2,/products/legendary-x-champion-r-simple-sweatshirt,OK,TIER1_RETARGET,/products/legendary-x-champion-r-simple-sweatshirt,H
/collections/legendary-womens-apparel/products/unisex-champion-tie-dye-hoodie,/collections/legendary-womens-apparel/products/legendary-x-champion-r-simple-sweatshirt,301,HOP_DEAD_COLLECTION,2,/products/legendary-x-champion-r-simple-sweatshirt,OK,TIER1_RETARGET,/products/legendary-x-champion-r-simple-sweatshirt,H
/collections/hoodies-jackets/products/unisex-champion-tie-dye-hoodie,/collections/hoodies-jackets/products/legendary-x-champion-r-simple-sweatshirt,301,OK,1,/collections/hoodies-jackets/products/legendary-x-champion-r-simple-sweatshirt,OK,KEEP,,
/products/oversized-tie-dye-t-shirt,/products/legendary-fx-oversized-cropped-t-shirt280gsm,301,DEAD_MISSING,1,/products/legendary-fx-oversized-cropped-t-shirt280gsm,DEAD_MISSING,TIER2_RETARGET_OR_PUBLISH,/products/goat-sh-t-only-oversized-cropped-t-shirt280gsm,M
/collections/recommended-products-seguno/products/oversized-tie-dye-t-shirt,/collections/recommended-products-seguno/products/legendary-fx-oversized-cropped-t-shirt280gsm,301,DEAD_MISSING,1,/collections/recommended-products-seguno/products/legendary-fx-oversized-cropped-t-shirt280gsm,DEAD_MISSING,TIER2_RETARGET_OR_PUBLISH,/products/goat-sh-t-only-oversized-cropped-t-shirt280gsm,M
/collections/all-products/products/oversized-tie-dye-t-shirt,/collections/all-products/products/legendary-fx-oversized-cropped-t-shirt280gsm,301,DEAD_MISSING,1,/collections/all-products/products/legendary-fx-oversized-cropped-t-shirt280gsm,DEAD_MISSING,TIER2_RETARGET_OR_PUBLISH,/products/goat-sh-t-only-oversized-cropped-t-shirt280gsm,M
/collections/shirts-tops/products/oversized-tie-dye-t-shirt,/collections/shirts-tops/products/legendary-fx-oversized-cropped-t-shirt280gsm,301,DEAD_MISSING,1,/collections/shirts-tops/products/legendary-fx-oversized-cropped-t-shirt280gsm,DEAD_MISSING,TIER2_RETARGET_OR_PUBLISH,/products/goat-sh-t-only-oversized-cropped-t-shirt280gsm,M
/collections/legendary-womens-apparel/products/oversized-tie-dye-t-shirt,/collections/legendary-womens-apparel/products/legendary-fx-oversized-cropped-t-shirt280gsm,301,DEAD_MISSING,1,/collections/legendary-womens-apparel/products/legendary-fx-oversized-cropped-t-shirt280gsm,DEAD_MISSING,TIER2_RETARGET_OR_PUBLISH,/products/goat-sh-t-only-oversized-cropped-t-shirt280gsm,M
/products/legendary-champion-water-resistant-jacket-1,/products/legendary-x-champion-r-water-resistant-jacket,301,OK,1,/products/legendary-x-champion-r-water-resistant-jacket,OK,KEEP,,
/collections/recommended-products-seguno/products/legendary-champion-water-resistant-jacket-1,/collections/recommended-products-seguno/products/legendary-x-champion-r-water-resistant-jacket,301,HOP_DEAD_COLLECTION,2,/products/legendary-x-champion-r-water-resistant-jacket,OK,TIER1_RETARGET,/products/legendary-x-champion-r-water-resistant-jacket,H
/collections/all-products/products/legendary-champion-water-resistant-jacket-1,/collections/all-products/products/legendary-x-champion-r-water-resistant-jacket,301,OK,1,/collections/all-products/products/legendary-x-champion-r-water-resistant-jacket,OK,KEEP,,
/collections/legendary-x-champion-r-collection/products/legendary-champion-water-resistant-jacket-1,/collections/legendary-x-champion-r-collection/products/legendary-x-champion-r-water-resistant-jacket,301,HOP_DEAD_COLLECTION,2,/products/legendary-x-champion-r-water-resistant-jacket,OK,TIER1_RETARGET,/products/legendary-x-champion-r-water-resistant-jacket,H
/collections/legendary-womens-apparel/products/legendary-champion-water-resistant-jacket-1,/collections/legendary-womens-apparel/products/legendary-x-champion-r-water-resistant-jacket,301,HOP_DEAD_COLLECTION,2,/products/legendary-x-champion-r-water-resistant-jacket,OK,TIER1_RETARGET,/products/legendary-x-champion-r-water-resistant-jacket,H
/collections/hoodies-jackets/products/legendary-champion-water-resistant-jacket-1,/collections/hoodies-jackets/products/legendary-x-champion-r-water-resistant-jacket,301,OK,1,/collections/hoodies-jackets/products/legendary-x-champion-r-water-resistant-jacket,OK,KEEP,,
/products/legendary-champion-happy-halloween-pull-over-sweatshirt,/products/legendary-x-champion-r-simple-sweatshirt,301,OK,1,/products/legendary-x-champion-r-simple-sweatshirt,OK,KEEP,,
/collections/recommended-products-seguno/products/legendary-champion-happy-halloween-pull-over-sweatshirt,/collections/recommended-products-seguno/products/legendary-x-champion-r-simple-sweatshirt,301,HOP_DEAD_COLLECTION,2,/products/legendary-x-champion-r-simple-sweatshirt,OK,TIER1_RETARGET,/products/legendary-x-champion-r-simple-sweatshirt,H
/collections/all-products/products/legendary-champion-happy-halloween-pull-over-sweatshirt,/collections/all-products/products/legendary-x-champion-r-simple-sweatshirt,301,OK,1,/collections/all-products/products/legendary-x-champion-r-simple-sweatshirt,OK,KEEP,,
/collections/limited-edition-halloween/products/legendary-champion-happy-halloween-pull-over-sweatshirt,/collections/limited-edition-halloween/products/legendary-x-champion-r-simple-sweatshirt,301,HOP_DEAD_COLLECTION,2,/products/legendary-x-champion-r-simple-sweatshirt,OK,TIER1_RETARGET,/products/legendary-x-champion-r-simple-sweatshirt,H
/collections/legendary-x-champion-r-collection/products/legendary-champion-happy-halloween-pull-over-sweatshirt,/collections/legendary-x-champion-r-collection/products/legendary-x-champion-r-simple-sweatshirt,301,HOP_DEAD_COLLECTION,2,/products/legendary-x-champion-r-simple-sweatshirt,OK,TIER1_RETARGET,/products/legendary-x-champion-r-simple-sweatshirt,H
/collections/legendary-womens-apparel/products/legendary-champion-happy-halloween-pull-over-sweatshirt,/collections/legendary-womens-apparel/products/legendary-x-champion-r-simple-sweatshirt,301,HOP_DEAD_COLLECTION,2,/products/legendary-x-champion-r-simple-sweatshirt,OK,TIER1_RETARGET,/products/legendary-x-champion-r-simple-sweatshirt,H
/collections/hoodies-jackets/products/legendary-champion-happy-halloween-pull-over-sweatshirt,/collections/hoodies-jackets/products/legendary-x-champion-r-simple-sweatshirt,301,OK,1,/collections/hoodies-jackets/products/legendary-x-champion-r-simple-sweatshirt,OK,KEEP,,
/pages/autoketing-sitemap-additional-links,/pages/html-sitemap-additional-links,301,DEAD_MISSING_PAGE,1,/pages/html-sitemap-additional-links,DEAD_MISSING_PAGE,TIER3_DELETE_APP_LEFTOVER,,
/pages/autoketing-sitemap-articles,/,301,HOME,1,/,HOME,TIER3_DELETE_APP_LEFTOVER,,
/pages/autoketing-sitemap-blogs,/pages/html-sitemap-blogs,301,DEAD_MISSING_PAGE,1,/pages/html-sitemap-blogs,DEAD_MISSING_PAGE,TIER3_DELETE_APP_LEFTOVER,,
/pages/autoketing-sitemap-pages,/pages/html-sitemap-pages,301,DEAD_MISSING_PAGE,1,/pages/html-sitemap-pages,DEAD_MISSING_PAGE,TIER3_DELETE_APP_LEFTOVER,,
/pages/autoketing-sitemap-products,/,301,HOME,1,/,HOME,TIER3_DELETE_APP_LEFTOVER,,
/pages/autoketing-sitemap-collections,/pages/html-sitemap-collections,301,DEAD_MISSING_PAGE,1,/pages/html-sitemap-collections,DEAD_MISSING_PAGE,TIER3_DELETE_APP_LEFTOVER,,
/pages/autoketing-sitemap,/pages/html-sitemap,301,DEAD_MISSING_PAGE,1,/pages/html-sitemap,DEAD_MISSING_PAGE,TIER3_DELETE_APP_LEFTOVER,,
/pages/new-page-9509,/pages/homepage,301,DEAD_MISSING_PAGE,1,/pages/homepage,DEAD_MISSING_PAGE,TIER2_RETARGET_OR_PUBLISH,/,M
/pages/about-us,/pages/about,301,OK,1,/pages/about,OK,KEEP,,
/pages/privacy-policy,/pages/privacy-with-legendary-branding,301,OK,1,/pages/privacy-with-legendary-branding,OK,KEEP,,
/pages/contact-us,/#seotid3dzhy091x,301,FRAGMENT,1,/#seotid3dzhy091x,FRAGMENT,TIER1_RETARGET,/pages/contact,H
/blogs/news/the-comfort-you-crave-the-style-you-deserve,/blogs/news/the-comfort-you-crave-style-deserve,301,DEAD_MISSING_ARTICLE,1,/blogs/news/the-comfort-you-crave-style-deserve,DEAD_MISSING_ARTICLE,TIER2_ARTICLE_DECISION,/blogs/legendary_blogging,L
/blogs/news/value-legendary-clothing,/blogs/news/the-value-of-legendary-clothing,301,DEAD_MISSING_ARTICLE,1,/blogs/news/the-value-of-legendary-clothing,DEAD_MISSING_ARTICLE,TIER2_ARTICLE_DECISION,/blogs/legendary_blogging,L
/collections/everything,/collections/all-products,301,OK,1,/collections/all-products,OK,KEEP,,
/collections/everything/products/legendary-champion-happy-halloween-pull-over-sweatshirt,/collections/all-products/products/legendary-x-champion-r-simple-sweatshirt,301,OK,1,/collections/all-products/products/legendary-x-champion-r-simple-sweatshirt,OK,KEEP,,
/collections/everything/products/legendary-champion-water-resistant-jacket-1,/collections/all-products/products/legendary-x-champion-r-water-resistant-jacket,301,OK,1,/collections/all-products/products/legendary-x-champion-r-water-resistant-jacket,OK,KEEP,,
/collections/everything/products/oversized-tie-dye-t-shirt,/collections/all-products/products/legendary-fx-oversized-cropped-t-shirt280gsm,301,DEAD_MISSING,1,/collections/all-products/products/legendary-fx-oversized-cropped-t-shirt280gsm,DEAD_MISSING,TIER2_RETARGET_OR_PUBLISH,/products/goat-sh-t-only-oversized-cropped-t-shirt280gsm,M
/collections/everything/products/unisex-champion-tie-dye-hoodie,/collections/all-products/products/legendary-x-champion-r-simple-sweatshirt,301,OK,1,/collections/all-products/products/legendary-x-champion-r-simple-sweatshirt,OK,KEEP,,
/collections/everything/products/legendary-athletic-shorts,/collections/all-products/products/drip-athletic-shorts,301,DEAD_UNLISTED,1,/collections/all-products/products/drip-athletic-shorts,DEAD_UNLISTED,TIER2_RETARGET_OR_PUBLISH,/collections/accessories-more,L
/collections/everything/products/legendary-champion-sweatshirt,/collections/all-products/products/legendary-x-champion-r-simple-sweatshirt,301,OK,1,/collections/all-products/products/legendary-x-champion-r-simple-sweatshirt,OK,KEEP,,
/collections/everything/products/legendary-foam-trucker-hat,/collections/all-products/products/neverdy-foam-trucker-hat,301,DEAD_MISSING,1,/collections/all-products/products/neverdy-foam-trucker-hat,DEAD_MISSING,TIER1_RETARGET,/products/the-lb-hat-foam-trucker-hat,H
/collections/everything/products/legendary-athletic-shorts-1,/collections/all-products/products/athletic-shorts-white,301,DEAD_UNLISTED,1,/collections/all-products/products/athletic-shorts-white,DEAD_UNLISTED,TIER2_RETARGET_OR_PUBLISH,/collections/accessories-more,L
/collections/everything/products/legendary-athletic-shorts-2,/collections/all-products/products/athletic-shorts-black,301,DEAD_UNLISTED,1,/collections/all-products/products/athletic-shorts-black,DEAD_UNLISTED,TIER2_RETARGET_OR_PUBLISH,/collections/accessories-more,L
/collections/everything/products/champion-sweatshirt,/collections/all-products/products/legendary-x-champion-r-simple-sweatshirt,301,OK,1,/collections/all-products/products/legendary-x-champion-r-simple-sweatshirt,OK,KEEP,,
/collections/everything/products/legendary-branding-t-shirt,/collections/all-products/products/legendary-branding-fleece-zip-up,301,OK,1,/collections/all-products/products/legendary-branding-fleece-zip-up,OK,KEEP,,
/collections/everything/products/mens-classic-tee-1,/,301,HOME,1,/,HOME,TIER3_HOME_REVIEW,/collections/shirts-tops,L
/collections/everything/products/legendary-embroidered-oversized-tie-dye-t-shirt,/collections/all-products/products/legendary-fx-oversized-cropped-t-shirt280gsm,301,DEAD_MISSING,1,/collections/all-products/products/legendary-fx-oversized-cropped-t-shirt280gsm,DEAD_MISSING,TIER2_RETARGET_OR_PUBLISH,/products/goat-sh-t-only-oversized-cropped-t-shirt280gsm,M
/collections/everything/products/legendary-fleece-pullover,/collections/all-products/products/legendary-branding-fleece-zip-up,301,OK,1,/collections/all-products/products/legendary-branding-fleece-zip-up,OK,KEEP,,
/collections/everything/products/legendary-butterfly-t-shirt,/collections/all-products/products/butterfly-tee,301,DEAD_MISSING,1,/collections/all-products/products/butterfly-tee,DEAD_MISSING,TIER2_RETARGET_OR_PUBLISH,/collections/shirts-tops,L
/collections/everything/products/legendary-ghosted-t-shirt,/collections/all-products/products/ghosted-tee,301,DEAD_MISSING,1,/collections/all-products/products/ghosted-tee,DEAD_MISSING,TIER2_RETARGET_OR_PUBLISH,/collections/shirts-tops,L
/collections/everything/products/legendary-weed-smoke-t-shirt,/collections/all-products/products/legendary-world-round-t-shirt,301,OK,1,/collections/all-products/products/legendary-world-round-t-shirt,OK,KEEP,,
/collections/everything/products/athletic-department-oversized-hoodie,/collections/all-products/products/goat-club-spray-painted-oversized-hoodie,301,DEAD_MISSING,1,/collections/all-products/products/goat-club-spray-painted-oversized-hoodie,DEAD_MISSING,TIER2_RETARGET_OR_PUBLISH,/collections/hoodies-jackets,L
/collections/everything/products/blacked-out-foam-trucker-hat,/collections/all-products/products/neverdy-foam-trucker-hat,301,DEAD_MISSING,1,/collections/all-products/products/neverdy-foam-trucker-hat,DEAD_MISSING,TIER1_RETARGET,/products/the-lb-hat-foam-trucker-hat,H
/collections/everything/products/loose-tappered-casual-wide-leg-sweatpants,/collections/all-products/products/legendary-wide-leg-sweatpants,301,OK,1,/collections/all-products/products/legendary-wide-leg-sweatpants,OK,KEEP,,
/collections/everything/products/champion-sweatshirt-1,/collections/all-products/products/legendary-x-champion-r-simple-sweatshirt,301,OK,1,/collections/all-products/products/legendary-x-champion-r-simple-sweatshirt,OK,KEEP,,
/collections/everything/products/legendary-x-adidas-sport-polo,/collections/all-products/products/legendary-x-adidas-sport-polo-recycled-pique-hydrophilic-finish,301,OK,1,/collections/all-products/products/legendary-x-adidas-sport-polo-recycled-pique-hydrophilic-finish,OK,KEEP,,
/collections/everything/products/simply-legendary-t-shirt-1,/collections/all-products/products/the-goat-premium-polo,301,OK,1,/collections/all-products/products/the-goat-premium-polo,OK,KEEP,,
/collections/everything/products/legendary-x-champion-quarter-zip-pullover,/collections/all-products/products/legendary-x-champion-r-water-resistant-jacket,301,OK,1,/collections/all-products/products/legendary-x-champion-r-water-resistant-jacket,OK,KEEP,,
/collections/everything/products/premium-pique-polo,/,301,HOME,1,/,HOME,TIER3_HOME_REVIEW,/collections/shirts-tops,L
/collections/everything/products/legendary-x-champion%c2%ae-pull-over-sweatshirt,/collections/all-products/products/legendary-x-champion-r-simple-sweatshirt,301,OK,1,/collections/all-products/products/legendary-x-champion-r-simple-sweatshirt,OK,KEEP,,
/collections/everything/products/racing-club-tee,/,301,HOME,1,/,HOME,TIER3_HOME_REVIEW,/collections/shirts-tops,L
/collections/everything/products/munchies-tee,/,301,HOME,1,/,HOME,TIER3_HOME_REVIEW,/collections/shirts-tops,L
/collections/everything/products/red-button-tee,/,301,HOME,1,/,HOME,TIER3_HOME_REVIEW,/collections/shirts-tops,L
/collections/everything/products/athletic-department-oversized-tee,/,301,HOME,1,/,HOME,TIER3_HOME_REVIEW,/collections/shirts-tops,L
/collections/everything/products/athletic-department-premium-tank-top,/collections/all-products/products/athletic-department-premium-tank-top-soft-washed-cotton-relaxed-fit,301,DEAD_DRAFT,1,/collections/all-products/products/athletic-department-premium-tank-top-soft-washed-cotton-relaxed-fit,DEAD_DRAFT,TIER2_RETARGET_OR_PUBLISH,/collections/shirts-tops,L
/collections/everything/products/oversized-heavyweight-t-shirt-2,/,301,HOME,1,/,HOME,TIER3_HOME_REVIEW,/collections/shirts-tops,L
/collections/unisex-tees,/collections/shirts-tops,301,OK,1,/collections/shirts-tops,OK,KEEP,,
/collections/unisex-tees/products/oversized-tie-dye-t-shirt,/collections/shirts-tops/products/legendary-fx-oversized-cropped-t-shirt280gsm,301,DEAD_MISSING,1,/collections/shirts-tops/products/legendary-fx-oversized-cropped-t-shirt280gsm,DEAD_MISSING,TIER2_RETARGET_OR_PUBLISH,/products/goat-sh-t-only-oversized-cropped-t-shirt280gsm,M
/collections/unisex-tees/products/champion-sweatshirt,/collections/shirts-tops/products/legendary-x-champion-r-simple-sweatshirt,301,OK,1,/collections/shirts-tops/products/legendary-x-champion-r-simple-sweatshirt,OK,KEEP,,
/collections/unisex-tees/products/legendary-branding-t-shirt,/collections/shirts-tops/products/legendary-branding-fleece-zip-up,301,OK,1,/collections/shirts-tops/products/legendary-branding-fleece-zip-up,OK,KEEP,,
/collections/unisex-tees/products/legendary-embroidered-oversized-tie-dye-t-shirt,/collections/shirts-tops/products/legendary-fx-oversized-cropped-t-shirt280gsm,301,DEAD_MISSING,1,/collections/shirts-tops/products/legendary-fx-oversized-cropped-t-shirt280gsm,DEAD_MISSING,TIER2_RETARGET_OR_PUBLISH,/products/goat-sh-t-only-oversized-cropped-t-shirt280gsm,M
/collections/unisex-tees/products/legendary-butterfly-t-shirt,/collections/shirts-tops/products/butterfly-tee,301,DEAD_MISSING,1,/collections/shirts-tops/products/butterfly-tee,DEAD_MISSING,TIER2_RETARGET_OR_PUBLISH,/collections/shirts-tops,L
/collections/unisex-tees/products/legendary-ghosted-t-shirt,/collections/shirts-tops/products/ghosted-tee,301,DEAD_MISSING,1,/collections/shirts-tops/products/ghosted-tee,DEAD_MISSING,TIER2_RETARGET_OR_PUBLISH,/collections/shirts-tops,L
/collections/unisex-tees/products/legendary-weed-smoke-t-shirt,/collections/shirts-tops/products/legendary-world-round-t-shirt,301,OK,1,/collections/shirts-tops/products/legendary-world-round-t-shirt,OK,KEEP,,
/collections/unisex-tees/products/legendary-x-adidas-sport-polo,/collections/shirts-tops/products/legendary-x-adidas-sport-polo-recycled-pique-hydrophilic-finish,301,OK,1,/collections/shirts-tops/products/legendary-x-adidas-sport-polo-recycled-pique-hydrophilic-finish,OK,KEEP,,
/collections/unisex-tees/products/simply-legendary-t-shirt-1,/collections/shirts-tops/products/the-goat-premium-polo,301,OK,1,/collections/shirts-tops/products/the-goat-premium-polo,OK,KEEP,,
/collections/unisex-tees/products/legendary-x-champion-quarter-zip-pullover,/collections/shirts-tops/products/legendary-x-champion-r-water-resistant-jacket,301,OK,1,/collections/shirts-tops/products/legendary-x-champion-r-water-resistant-jacket,OK,KEEP,,
/collections/unisex-tees/products/legendary-x-champion%c2%ae-pull-over-sweatshirt,/collections/shirts-tops/products/legendary-x-champion-r-simple-sweatshirt,301,OK,1,/collections/shirts-tops/products/legendary-x-champion-r-simple-sweatshirt,OK,KEEP,,
/collections/unisex-tees/products/mid-legendary-premium-t,/,301,HOME,1,/,HOME,TIER3_HOME_REVIEW,/collections/shirts-tops,L
/collections/unisex-tees/products/the-legendary-alternate-tee,/,301,HOME,1,/,HOME,TIER3_HOME_REVIEW,/collections/shirts-tops,L
/collections/unisex-tees/products/alternate-simply-legendary-tee,/,301,HOME,1,/,HOME,TIER3_HOME_REVIEW,/collections/shirts-tops,L
/collections/unisex-tees/products/athletic-department-oversized-tee,/collections/shirts-tops/products/the-legendary-heavyweight-oversized-t-shirt,301,OK,1,/collections/shirts-tops/products/the-legendary-heavyweight-oversized-t-shirt,OK,KEEP,,
/collections/unisex-tees/products/athletic-department-premium-tank-top,/collections/shirts-tops/products/athletic-department-premium-tank-top-soft-washed-cotton-relaxed-fit,301,DEAD_DRAFT,1,/collections/shirts-tops/products/athletic-department-premium-tank-top-soft-washed-cotton-relaxed-fit,DEAD_DRAFT,TIER2_RETARGET_OR_PUBLISH,/collections/shirts-tops,L
/collections/unisex-apparel,/collections/hoodies-jackets,301,OK,1,/collections/hoodies-jackets,OK,KEEP,,
/collections/unisex-apparel/products/legendary-champion-happy-halloween-pull-over-sweatshirt,/collections/hoodies-jackets/products/legendary-x-champion-r-simple-sweatshirt,301,OK,1,/collections/hoodies-jackets/products/legendary-x-champion-r-simple-sweatshirt,OK,KEEP,,
/collections/unisex-apparel/products/legendary-champion-water-resistant-jacket-1,/collections/hoodies-jackets/products/legendary-x-champion-r-water-resistant-jacket,301,OK,1,/collections/hoodies-jackets/products/legendary-x-champion-r-water-resistant-jacket,OK,KEEP,,
/collections/unisex-apparel/products/unisex-champion-tie-dye-hoodie,/collections/hoodies-jackets/products/legendary-x-champion-r-simple-sweatshirt,301,OK,1,/collections/hoodies-jackets/products/legendary-x-champion-r-simple-sweatshirt,OK,KEEP,,
/collections/unisex-apparel/products/legendary-champion-sweatshirt,/collections/hoodies-jackets/products/legendary-x-champion-r-simple-sweatshirt,301,OK,1,/collections/hoodies-jackets/products/legendary-x-champion-r-simple-sweatshirt,OK,KEEP,,
/collections/unisex-apparel/products/champion-sweatshirt,/collections/hoodies-jackets/products/legendary-x-champion-r-simple-sweatshirt,301,OK,1,/collections/hoodies-jackets/products/legendary-x-champion-r-simple-sweatshirt,OK,KEEP,,
/collections/unisex-apparel/products/legendary-fleece-pullover,/collections/hoodies-jackets/products/legendary-branding-fleece-zip-up,301,OK,1,/collections/hoodies-jackets/products/legendary-branding-fleece-zip-up,OK,KEEP,,
/collections/unisex-apparel/products/athletic-department-oversized-hoodie,/collections/hoodies-jackets/products/goat-club-spray-painted-oversized-hoodie,301,DEAD_MISSING,1,/collections/hoodies-jackets/products/goat-club-spray-painted-oversized-hoodie,DEAD_MISSING,TIER2_RETARGET_OR_PUBLISH,/collections/hoodies-jackets,L
/collections/unisex-apparel/products/champion-sweatshirt-1,/,301,HOME,1,/,HOME,TIER3_HOME_REVIEW,/collections/hoodies-jackets,L
/collections/womens-apparel,/collections/legendary-womens-apparel,301,DEAD_MISSING_COLLECTION,1,/collections/legendary-womens-apparel,DEAD_MISSING_COLLECTION,TIER2_RETARGET_OR_PUBLISH,/collections/all-products,M
/collections/womens-apparel/products/legendary-champion-happy-halloween-pull-over-sweatshirt,/collections/legendary-womens-apparel/products/legendary-x-champion-r-simple-sweatshirt,301,HOP_DEAD_COLLECTION,2,/products/legendary-x-champion-r-simple-sweatshirt,OK,TIER1_RETARGET,/products/legendary-x-champion-r-simple-sweatshirt,H
/collections/womens-apparel/products/legendary-champion-water-resistant-jacket-1,/collections/legendary-womens-apparel/products/legendary-x-champion-r-water-resistant-jacket,301,HOP_DEAD_COLLECTION,2,/products/legendary-x-champion-r-water-resistant-jacket,OK,TIER1_RETARGET,/products/legendary-x-champion-r-water-resistant-jacket,H
/collections/womens-apparel/products/oversized-tie-dye-t-shirt,/collections/legendary-womens-apparel/products/legendary-fx-oversized-cropped-t-shirt280gsm,301,DEAD_MISSING,1,/collections/legendary-womens-apparel/products/legendary-fx-oversized-cropped-t-shirt280gsm,DEAD_MISSING,TIER2_RETARGET_OR_PUBLISH,/products/goat-sh-t-only-oversized-cropped-t-shirt280gsm,M
/collections/womens-apparel/products/unisex-champion-tie-dye-hoodie,/collections/legendary-womens-apparel/products/legendary-x-champion-r-simple-sweatshirt,301,HOP_DEAD_COLLECTION,2,/products/legendary-x-champion-r-simple-sweatshirt,OK,TIER1_RETARGET,/products/legendary-x-champion-r-simple-sweatshirt,H
/collections/womens-apparel/products/legendary-athletic-shorts,/collections/legendary-womens-apparel/products/drip-athletic-shorts,301,DEAD_UNLISTED,1,/collections/legendary-womens-apparel/products/drip-athletic-shorts,DEAD_UNLISTED,TIER2_RETARGET_OR_PUBLISH,/collections/accessories-more,L
/collections/womens-apparel/products/legendary-champion-sweatshirt,/collections/legendary-womens-apparel/products/legendary-x-champion-r-simple-sweatshirt,301,HOP_DEAD_COLLECTION,2,/products/legendary-x-champion-r-simple-sweatshirt,OK,TIER1_RETARGET,/products/legendary-x-champion-r-simple-sweatshirt,H
/collections/womens-apparel/products/legendary-foam-trucker-hat,/collections/legendary-womens-apparel/products/neverdy-foam-trucker-hat,301,DEAD_MISSING,1,/collections/legendary-womens-apparel/products/neverdy-foam-trucker-hat,DEAD_MISSING,TIER1_RETARGET,/products/the-lb-hat-foam-trucker-hat,H
/collections/womens-apparel/products/legendary-athletic-shorts-1,/collections/legendary-womens-apparel/products/athletic-shorts-white,301,DEAD_UNLISTED,1,/collections/legendary-womens-apparel/products/athletic-shorts-white,DEAD_UNLISTED,TIER2_RETARGET_OR_PUBLISH,/collections/accessories-more,L
/collections/womens-apparel/products/legendary-athletic-shorts-2,/collections/legendary-womens-apparel/products/athletic-shorts-black,301,DEAD_UNLISTED,1,/collections/legendary-womens-apparel/products/athletic-shorts-black,DEAD_UNLISTED,TIER2_RETARGET_OR_PUBLISH,/collections/accessories-more,L
/collections/womens-apparel/products/champion-sweatshirt,/collections/legendary-womens-apparel/products/legendary-x-champion-r-simple-sweatshirt,301,HOP_DEAD_COLLECTION,2,/products/legendary-x-champion-r-simple-sweatshirt,OK,TIER1_RETARGET,/products/legendary-x-champion-r-simple-sweatshirt,H
/collections/womens-apparel/products/legendary-branding-t-shirt,/collections/legendary-womens-apparel/products/legendary-branding-fleece-zip-up,301,HOP_DEAD_COLLECTION,2,/products/legendary-branding-fleece-zip-up,OK,TIER1_RETARGET,/products/legendary-branding-fleece-zip-up,H
/collections/womens-apparel/products/legendary-embroidered-oversized-tie-dye-t-shirt,/collections/legendary-womens-apparel/products/legendary-fx-oversized-cropped-t-shirt280gsm,301,DEAD_MISSING,1,/collections/legendary-womens-apparel/products/legendary-fx-oversized-cropped-t-shirt280gsm,DEAD_MISSING,TIER2_RETARGET_OR_PUBLISH,/products/goat-sh-t-only-oversized-cropped-t-shirt280gsm,M
/collections/womens-apparel/products/legendary-fleece-pullover,/collections/legendary-womens-apparel/products/legendary-branding-fleece-zip-up,301,HOP_DEAD_COLLECTION,2,/products/legendary-branding-fleece-zip-up,OK,TIER1_RETARGET,/products/legendary-branding-fleece-zip-up,H
/collections/womens-apparel/products/legendary-butterfly-t-shirt,/collections/legendary-womens-apparel/products/butterfly-tee,301,DEAD_MISSING,1,/collections/legendary-womens-apparel/products/butterfly-tee,DEAD_MISSING,TIER2_RETARGET_OR_PUBLISH,/collections/shirts-tops,L
/collections/womens-apparel/products/legendary-ghosted-t-shirt,/collections/legendary-womens-apparel/products/ghosted-tee,301,DEAD_MISSING,1,/collections/legendary-womens-apparel/products/ghosted-tee,DEAD_MISSING,TIER2_RETARGET_OR_PUBLISH,/collections/shirts-tops,L
/collections/womens-apparel/products/legendary-full-zip-hoodie,/,301,HOME,1,/,HOME,TIER3_HOME_REVIEW,/collections/hoodies-jackets,L
/collections/womens-apparel/products/athletic-department-oversized-hoodie,/collections/legendary-womens-apparel/products/goat-club-spray-painted-oversized-hoodie,301,DEAD_MISSING,1,/collections/legendary-womens-apparel/products/goat-club-spray-painted-oversized-hoodie,DEAD_MISSING,TIER2_RETARGET_OR_PUBLISH,/collections/hoodies-jackets,L
/collections/womens-apparel/products/blacked-out-foam-trucker-hat,/collections/legendary-womens-apparel/products/neverdy-foam-trucker-hat,301,DEAD_MISSING,1,/collections/legendary-womens-apparel/products/neverdy-foam-trucker-hat,DEAD_MISSING,TIER1_RETARGET,/products/the-lb-hat-foam-trucker-hat,H
/collections/womens-apparel/products/angel-hoodie,/,301,HOME,1,/,HOME,TIER3_HOME_REVIEW,/collections/hoodies-jackets,L
/collections/womens-apparel/products/loose-tappered-casual-wide-leg-sweatpants,/collections/legendary-womens-apparel/products/legendary-wide-leg-sweatpants,301,HOP_DEAD_COLLECTION,2,/products/legendary-wide-leg-sweatpants,OK,TIER1_RETARGET,/products/legendary-wide-leg-sweatpants,H
/collections/womens-apparel/products/champion-sweatshirt-1,/collections/legendary-womens-apparel/products/legendary-x-champion-r-simple-sweatshirt,301,HOP_DEAD_COLLECTION,2,/products/legendary-x-champion-r-simple-sweatshirt,OK,TIER1_RETARGET,/products/legendary-x-champion-r-simple-sweatshirt,H
/collections/womens-apparel/products/legendary-x-adidas-sport-polo,/collections/legendary-womens-apparel/products/legendary-x-adidas-sport-polo-recycled-pique-hydrophilic-finish,301,HOP_DEAD_COLLECTION,2,/products/legendary-x-adidas-sport-polo-recycled-pique-hydrophilic-finish,OK,TIER1_RETARGET,/products/legendary-x-adidas-sport-polo-recycled-pique-hydrophilic-finish,H
/collections/womens-apparel/products/simply-legendary-t-shirt-1,/collections/legendary-womens-apparel/products/the-goat-premium-polo,301,HOP_DEAD_COLLECTION,2,/products/the-goat-premium-polo,OK,TIER1_RETARGET,/products/the-goat-premium-polo,H
/collections/womens-apparel/products/legendary-x-champion-quarter-zip-pullover,/collections/legendary-womens-apparel/products/legendary-x-champion-r-water-resistant-jacket,301,HOP_DEAD_COLLECTION,2,/products/legendary-x-champion-r-water-resistant-jacket,OK,TIER1_RETARGET,/products/legendary-x-champion-r-water-resistant-jacket,H
/collections/womens-apparel/products/legendary-x-champion%c2%ae-pull-over-sweatshirt,/collections/legendary-womens-apparel/products/legendary-x-champion-r-simple-sweatshirt,301,HOP_DEAD_COLLECTION,2,/products/legendary-x-champion-r-simple-sweatshirt,OK,TIER1_RETARGET,/products/legendary-x-champion-r-simple-sweatshirt,H
/collections/womens-apparel/products/alternate-cuffed-beanie,/,301,HOME,1,/,HOME,TIER3_HOME_REVIEW,/collections/accessories-more,L
/collections/womens-apparel/products/athletic-department-oversized-tee,/collections/legendary-womens-apparel/products/the-legendary-heavyweight-oversized-t-shirt,301,HOP_DEAD_COLLECTION,2,/products/the-legendary-heavyweight-oversized-t-shirt,OK,TIER1_RETARGET,/products/the-legendary-heavyweight-oversized-t-shirt,H
/collections/womens-apparel/products/athletic-department-premium-tank-top,/collections/legendary-womens-apparel/products/athletic-department-premium-tank-top-soft-washed-cotton-relaxed-fit,301,DEAD_DRAFT,1,/collections/legendary-womens-apparel/products/athletic-department-premium-tank-top-soft-washed-cotton-relaxed-fit,DEAD_DRAFT,TIER2_RETARGET_OR_PUBLISH,/collections/shirts-tops,L
/collections/champion-collection,/collections/legendary-x-champion-r-collection,301,DEAD_MISSING_COLLECTION,1,/collections/legendary-x-champion-r-collection,DEAD_MISSING_COLLECTION,TIER2_RETARGET_OR_PUBLISH,/collections/hoodies-jackets,M
/collections/champion-collection/products/legendary-champion-happy-halloween-pull-over-sweatshirt,/collections/legendary-x-champion-r-collection/products/legendary-x-champion-r-simple-sweatshirt,301,HOP_DEAD_COLLECTION,2,/products/legendary-x-champion-r-simple-sweatshirt,OK,TIER1_RETARGET,/products/legendary-x-champion-r-simple-sweatshirt,H
/collections/champion-collection/products/legendary-champion-water-resistant-jacket-1,/collections/legendary-x-champion-r-collection/products/legendary-x-champion-r-water-resistant-jacket,301,HOP_DEAD_COLLECTION,2,/products/legendary-x-champion-r-water-resistant-jacket,OK,TIER1_RETARGET,/products/legendary-x-champion-r-water-resistant-jacket,H
/collections/champion-collection/products/unisex-champion-tie-dye-hoodie,/collections/legendary-x-champion-r-collection/products/legendary-x-champion-r-simple-sweatshirt,301,HOP_DEAD_COLLECTION,2,/products/legendary-x-champion-r-simple-sweatshirt,OK,TIER1_RETARGET,/products/legendary-x-champion-r-simple-sweatshirt,H
/collections/champion-collection/products/legendary-champion-sweatshirt,/collections/legendary-x-champion-r-collection/products/legendary-x-champion-r-simple-sweatshirt,301,HOP_DEAD_COLLECTION,2,/products/legendary-x-champion-r-simple-sweatshirt,OK,TIER1_RETARGET,/products/legendary-x-champion-r-simple-sweatshirt,H
/collections/champion-collection/products/champion-sweatshirt,/collections/legendary-x-champion-r-collection/products/legendary-x-champion-r-simple-sweatshirt,301,HOP_DEAD_COLLECTION,2,/products/legendary-x-champion-r-simple-sweatshirt,OK,TIER1_RETARGET,/products/legendary-x-champion-r-simple-sweatshirt,H
/collections/champion-collection/products/champion-sweatshirt-1,/collections/legendary-x-champion-r-collection/products/legendary-x-champion-r-simple-sweatshirt,301,HOP_DEAD_COLLECTION,2,/products/legendary-x-champion-r-simple-sweatshirt,OK,TIER1_RETARGET,/products/legendary-x-champion-r-simple-sweatshirt,H
/collections/champion-collection/products/legendary-x-champion-quarter-zip-pullover,/collections/legendary-x-champion-r-collection/products/legendary-x-champion-r-water-resistant-jacket,301,HOP_DEAD_COLLECTION,2,/products/legendary-x-champion-r-water-resistant-jacket,OK,TIER1_RETARGET,/products/legendary-x-champion-r-water-resistant-jacket,H
/collections/champion-collection/products/legendary-x-champion%c2%ae-pull-over-sweatshirt,/collections/legendary-x-champion-r-collection/products/legendary-x-champion-r-simple-sweatshirt,301,HOP_DEAD_COLLECTION,2,/products/legendary-x-champion-r-simple-sweatshirt,OK,TIER1_RETARGET,/products/legendary-x-champion-r-simple-sweatshirt,H
/collections/frontpage,/collections/accessories-more,301,OK,1,/collections/accessories-more,OK,KEEP,,
/collections/frontpage/products/legendary-foam-trucker-hat,/collections/accessories-more/products/neverdy-foam-trucker-hat,301,DEAD_MISSING,1,/collections/accessories-more/products/neverdy-foam-trucker-hat,DEAD_MISSING,TIER1_RETARGET,/products/the-lb-hat-foam-trucker-hat,H
/collections/frontpage/products/blacked-out-foam-trucker-hat,/collections/accessories-more/products/neverdy-foam-trucker-hat,301,DEAD_MISSING,1,/collections/accessories-more/products/neverdy-foam-trucker-hat,DEAD_MISSING,TIER1_RETARGET,/products/the-lb-hat-foam-trucker-hat,H
/collections/frontpage/products/alternate-cuffed-beanie,/,301,HOME,1,/,HOME,TIER3_HOME_REVIEW,/collections/accessories-more,L
/collections/everything/products/big-back-bears-t-shirt,/,301,HOME,1,/,HOME,TIER3_HOME_REVIEW,/collections/shirts-tops,L
/collections/unisex-tees/products/legendary-long-sleeve,/,301,HOME,1,/,HOME,TIER3_HOME_REVIEW,/collections/shirts-tops,L
/products/masked-up-oversized-hoodie,/products/goat-club-spray-painted-oversized-hoodie,301,DEAD_MISSING,1,/products/goat-club-spray-painted-oversized-hoodie,DEAD_MISSING,TIER2_RETARGET_OR_PUBLISH,/collections/hoodies-jackets,L
/products/legendary-champion-pull-over-sweatshirt,/products/legendary-x-champion-r-simple-sweatshirt,301,OK,1,/products/legendary-x-champion-r-simple-sweatshirt,OK,KEEP,,
/products/90s-t-shirt,/#seotidZnGVrYwZk,301,FRAGMENT,1,/#seotidZnGVrYwZk,FRAGMENT,TIER3_FRAGMENT_RETARGET,/collections/shirts-tops,L
/pages/tracking-page,https://lngndry.aftership.com/?page-name=legendary-tracking-page,301,EXTERNAL,1,https://lngndry.aftership.com/?page-name=legendary-tracking-page,EXTERNAL,KEEP,,
/collections/t-shirts,/#seotidtqLIhXsVI,301,FRAGMENT,1,/#seotidtqLIhXsVI,FRAGMENT,TIER3_FRAGMENT_RETARGET,/collections/shirts-tops,L
/products/the-legendary-t-shirt,/#seotidRnV5MH8Cw,301,FRAGMENT,1,/#seotidRnV5MH8Cw,FRAGMENT,TIER3_FRAGMENT_RETARGET,/collections/shirts-tops,L
/products/casual-pants-striped-flared-sweatpants-new-mens-slim-fit-pants,/products/striped-flared-sweatpants-mens-slim-fit-sweatpants,301,DEAD_UNLISTED,1,/products/striped-flared-sweatpants-mens-slim-fit-sweatpants,DEAD_UNLISTED,TIER2_RETARGET_OR_PUBLISH,/collections/accessories-more,L
/products/men-s-solid-color-oversized-hoodie-jogger-set,/products/mens-solid-color-oversized-hoodie-jogger-set,301,DEAD_MISSING,2,/products/solid-color-oversized-hoodie-jogger-set,DEAD_UNLISTED,TIER2_RETARGET_OR_PUBLISH,,
/collections/mens-collection,/collections/sets,301,DEAD_UNPUBLISHED_COLLECTION,1,/collections/sets,DEAD_UNPUBLISHED_COLLECTION,TIER2_RETARGET_OR_PUBLISH,/collections/all-products,M
/products/mens-solid-color-oversized-hoodie-jogger-set,/products/solid-color-oversized-hoodie-jogger-set,301,DEAD_UNLISTED,1,/products/solid-color-oversized-hoodie-jogger-set,DEAD_UNLISTED,TIER2_RETARGET_OR_PUBLISH,/collections/accessories-more,L
/products/bottom-sunfade-gradient-washed-vintage-goat-t-shirt250gsm,/products/bottom-sunfade-gradient-washed-vintage-goat-t-shirt,301,OK,1,/products/bottom-sunfade-gradient-washed-vintage-goat-t-shirt,OK,KEEP,,
/products/butterfly-tee,/products/the-savage-butterfly-tshirt,301,DEAD_UNLISTED,1,/products/the-savage-butterfly-tshirt,DEAD_UNLISTED,TIER2_RETARGET_OR_PUBLISH,/collections/shirts-tops,L
/products/legendary-coast-club-oversized-t-shirt190-gsm,/products/legendary-coast-club-oversized-t-shirt,301,OK,1,/products/legendary-coast-club-oversized-t-shirt,OK,KEEP,,
/products/goat-speed-boxy-fit-hoodie400gsm,/products/marque-legendaire-goat-speed-boxy-hoodie,301,OK,1,/products/marque-legendaire-goat-speed-boxy-hoodie,OK,KEEP,,
/collections/featured-product,/collections/featured-products,301,DEAD_MISSING_COLLECTION,2,/collections/legendary-select,DEAD_UNPUBLISHED_COLLECTION,TIER2_RETARGET_OR_PUBLISH,/collections/all-products,M
/products/legendary-x20-w-king-200w-portable-bluetooth-speaker,/products/legendary-d20-w-king-200w-portable-bluetooth-speaker,301,DEAD_MISSING,1,/products/legendary-d20-w-king-200w-portable-bluetooth-speaker,DEAD_MISSING,TIER2_RETARGET_OR_PUBLISH,/collections/all-products,L
/collections/featured-products,/collections/legendary-select,301,DEAD_UNPUBLISHED_COLLECTION,1,/collections/legendary-select,DEAD_UNPUBLISHED_COLLECTION,TIER2_RETARGET_OR_PUBLISH,/collections/all-products,M
/blogs/legendary_blogging/streetwear-capsule-wardrobe-15-essential-pieces-you-need-15,/blogs/legendary_blogging/streetwear-capsule-wardrobe-15-essential-pieces-you-need-16,301,OK,1,/blogs/legendary_blogging/streetwear-capsule-wardrobe-15-essential-pieces-you-need-16,OK,KEEP,,
/blogs/legendary_blogging/streetwear-capsule-wardrobe-15-essential-pieces-you-need-14,/blogs/legendary_blogging/streetwear-capsule-wardrobe-15-essential-pieces-you-need-16,301,OK,1,/blogs/legendary_blogging/streetwear-capsule-wardrobe-15-essential-pieces-you-need-16,OK,KEEP,,
/blogs/legendary_blogging/streetwear-capsule-wardrobe-15-essential-pieces-you-need-13,/blogs/legendary_blogging/streetwear-capsule-wardrobe-15-essential-pieces-you-need-16,301,OK,1,/blogs/legendary_blogging/streetwear-capsule-wardrobe-15-essential-pieces-you-need-16,OK,KEEP,,
/blogs/legendary_blogging/streetwear-capsule-wardrobe-15-essential-pieces-you-need-12,/blogs/legendary_blogging/streetwear-capsule-wardrobe-15-essential-pieces-you-need-16,301,OK,1,/blogs/legendary_blogging/streetwear-capsule-wardrobe-15-essential-pieces-you-need-16,OK,KEEP,,
/blogs/legendary_blogging/streetwear-capsule-wardrobe-15-pieces-you-actually-need,/blogs/legendary_blogging/streetwear-capsule-wardrobe-15-essential-pieces-you-need-16,301,OK,1,/blogs/legendary_blogging/streetwear-capsule-wardrobe-15-essential-pieces-you-need-16,OK,KEEP,,
/blogs/legendary_blogging/streetwear-capsule-wardrobe-the-only-pieces-you-need,/blogs/legendary_blogging/streetwear-capsule-wardrobe-15-essential-pieces-you-need-16,301,OK,1,/blogs/legendary_blogging/streetwear-capsule-wardrobe-15-essential-pieces-you-need-16,OK,KEEP,,
/blogs/legendary_blogging/streetwear-capsule-wardrobe-15-essential-pieces-you-need-11,/blogs/legendary_blogging/streetwear-capsule-wardrobe-15-essential-pieces-you-need-16,301,OK,1,/blogs/legendary_blogging/streetwear-capsule-wardrobe-15-essential-pieces-you-need-16,OK,KEEP,,
/blogs/legendary_blogging/streetwear-capsule-wardrobe-15-essential-pieces-you-need-10,/blogs/legendary_blogging/streetwear-capsule-wardrobe-15-essential-pieces-you-need-16,301,OK,1,/blogs/legendary_blogging/streetwear-capsule-wardrobe-15-essential-pieces-you-need-16,OK,KEEP,,
/blogs/legendary_blogging/streetwear-capsule-wardrobe-15-essential-pieces-you-need-9,/blogs/legendary_blogging/streetwear-capsule-wardrobe-15-essential-pieces-you-need-16,301,OK,1,/blogs/legendary_blogging/streetwear-capsule-wardrobe-15-essential-pieces-you-need-16,OK,KEEP,,
/blogs/legendary_blogging/streetwear-capsule-wardrobe-15-essential-pieces-you-need-8,/blogs/legendary_blogging/streetwear-capsule-wardrobe-15-essential-pieces-you-need-16,301,OK,1,/blogs/legendary_blogging/streetwear-capsule-wardrobe-15-essential-pieces-you-need-16,OK,KEEP,,
/blogs/legendary_blogging/streetwear-capsule-wardrobe-the-only-essentials-you-need,/blogs/legendary_blogging/streetwear-capsule-wardrobe-15-essential-pieces-you-need-16,301,OK,1,/blogs/legendary_blogging/streetwear-capsule-wardrobe-15-essential-pieces-you-need-16,OK,KEEP,,
/blogs/legendary_blogging/streetwear-capsule-wardrobe-12-pieces-that-go-hard,/blogs/legendary_blogging/streetwear-capsule-wardrobe-15-essential-pieces-you-need-16,301,OK,1,/blogs/legendary_blogging/streetwear-capsule-wardrobe-15-essential-pieces-you-need-16,OK,KEEP,,
/blogs/legendary_blogging/streetwear-capsule-wardrobe-15-essentials-you-actually-need,/blogs/legendary_blogging/streetwear-capsule-wardrobe-15-essential-pieces-you-need-16,301,OK,1,/blogs/legendary_blogging/streetwear-capsule-wardrobe-15-essential-pieces-you-need-16,OK,KEEP,,
/blogs/legendary_blogging/streetwear-capsule-wardrobe-15-essential-pieces-you-need-7,/blogs/legendary_blogging/streetwear-capsule-wardrobe-15-essential-pieces-you-need-16,301,OK,1,/blogs/legendary_blogging/streetwear-capsule-wardrobe-15-essential-pieces-you-need-16,OK,KEEP,,
/blogs/legendary_blogging/streetwear-capsule-wardrobe-15-essential-pieces-you-need-6,/blogs/legendary_blogging/streetwear-capsule-wardrobe-15-essential-pieces-you-need-16,301,OK,1,/blogs/legendary_blogging/streetwear-capsule-wardrobe-15-essential-pieces-you-need-16,OK,KEEP,,
/blogs/legendary_blogging/streetwear-capsule-wardrobe-15-essential-pieces-2,/blogs/legendary_blogging/streetwear-capsule-wardrobe-15-essential-pieces-you-need-16,301,OK,1,/blogs/legendary_blogging/streetwear-capsule-wardrobe-15-essential-pieces-you-need-16,OK,KEEP,,
/blogs/legendary_blogging/streetwear-capsule-wardrobe-15-essential-pieces-1,/blogs/legendary_blogging/streetwear-capsule-wardrobe-15-essential-pieces-you-need-16,301,OK,1,/blogs/legendary_blogging/streetwear-capsule-wardrobe-15-essential-pieces-you-need-16,OK,KEEP,,
/blogs/legendary_blogging/streetwear-capsule-wardrobe-15-essential-pieces-you-need-5,/blogs/legendary_blogging/streetwear-capsule-wardrobe-15-essential-pieces-you-need-16,301,OK,1,/blogs/legendary_blogging/streetwear-capsule-wardrobe-15-essential-pieces-you-need-16,OK,KEEP,,
/blogs/legendary_blogging/streetwear-capsule-wardrobe-15-essential-pieces-you-need-4,/blogs/legendary_blogging/streetwear-capsule-wardrobe-15-essential-pieces-you-need-16,301,OK,1,/blogs/legendary_blogging/streetwear-capsule-wardrobe-15-essential-pieces-you-need-16,OK,KEEP,,
/blogs/legendary_blogging/streetwear-capsule-wardrobe-15-essential-pieces-you-need-3,/blogs/legendary_blogging/streetwear-capsule-wardrobe-15-essential-pieces-you-need-16,301,OK,1,/blogs/legendary_blogging/streetwear-capsule-wardrobe-15-essential-pieces-you-need-16,OK,KEEP,,
/blogs/legendary_blogging/streetwear-capsule-wardrobe-15-essential-pieces-you-need-2,/blogs/legendary_blogging/streetwear-capsule-wardrobe-15-essential-pieces-you-need-16,301,OK,1,/blogs/legendary_blogging/streetwear-capsule-wardrobe-15-essential-pieces-you-need-16,OK,KEEP,,
/blogs/legendary_blogging/streetwear-capsule-wardrobe-15-pieces-you-need,/blogs/legendary_blogging/streetwear-capsule-wardrobe-15-essential-pieces-you-need-16,301,OK,1,/blogs/legendary_blogging/streetwear-capsule-wardrobe-15-essential-pieces-you-need-16,OK,KEEP,,
/blogs/legendary_blogging/streetwear-capsule-wardrobe-15-essential-pieces-you-need-1,/blogs/legendary_blogging/streetwear-capsule-wardrobe-15-essential-pieces-you-need-16,301,OK,1,/blogs/legendary_blogging/streetwear-capsule-wardrobe-15-essential-pieces-you-need-16,OK,KEEP,,
/blogs/legendary_blogging/build-your-ultimate-streetwear-capsule-wardrobe-1,/blogs/legendary_blogging/streetwear-capsule-wardrobe-15-essential-pieces-you-need-16,301,OK,1,/blogs/legendary_blogging/streetwear-capsule-wardrobe-15-essential-pieces-you-need-16,OK,KEEP,,
/blogs/legendary_blogging/streetwear-capsule-wardrobe-15-essential-pieces-you-need,/blogs/legendary_blogging/streetwear-capsule-wardrobe-15-essential-pieces-you-need-16,301,OK,1,/blogs/legendary_blogging/streetwear-capsule-wardrobe-15-essential-pieces-you-need-16,OK,KEEP,,
/blogs/legendary_blogging/streetwear-capsule-wardrobe-15-essential-pieces,/blogs/legendary_blogging/streetwear-capsule-wardrobe-15-essential-pieces-you-need-16,301,OK,1,/blogs/legendary_blogging/streetwear-capsule-wardrobe-15-essential-pieces-you-need-16,OK,KEEP,,
/blogs/legendary_blogging/style-oversized-joggers-for-the-ultimate-streetwear-look,/blogs/legendary_blogging/how-to-style-oversized-joggers-for-a-clean-streetwear-look,301,OK,1,/blogs/legendary_blogging/how-to-style-oversized-joggers-for-a-clean-streetwear-look,OK,KEEP,,
/blogs/legendary_blogging/master-your-style-5-premium-streetwear-basics-outfits,/blogs/legendary_blogging/5-outfit-ideas-built-around-premium-streetwear-basics,301,OK,1,/blogs/legendary_blogging/5-outfit-ideas-built-around-premium-streetwear-basics,OK,KEEP,,
/products/marque-legendaire-color-block-polo-shirt,/products/marque-legendaire-color-block-essential-polo-shirt-240gsm,301,OK,1,/products/marque-legendaire-color-block-essential-polo-shirt-240gsm,OK,KEEP,,
/products/goated-legendary-loose-fit-t-shirt,/products/goated-legendary-loose-fit-t-shirt-190gsm,301,OK,1,/products/goated-legendary-loose-fit-t-shirt-190gsm,OK,KEEP,,
